state,state_name,rank_in_state,geo_id,place_name,place_fips,pop_acs2024_5yr_b01003,ranking_universe,vintage2025_sanity,test_zcta,test_zcta_distance_km,place_intpt_lat,place_intpt_lon,zcta_method,zcta_flag,nearest_outlet_fscskey,nearest_outlet_name,nearest_outlet_km,destination_url,destination_class,destination_handoff,destination_provenance,destination_rights,destination_check_date
DC,District of Columbia,1,1600000US1150000,"Washington city, District of Columbia",50000,681294,ACS_2024_5YR_B01003_PLACE_SUMLEV160,NAME_OVERLAP_TOP3_INCORPORATED,20001,0.687,38.904243,-77.016524,nearest_2026_gazetteer_zcta_to_place_internal_point,OK,DC0001,NORTHWEST ONE NEIGHBORHOOD LIBRARY,0.257,https://www.dclibrary.org/,DIRECT_LIBRARY_SYSTEM,direct,DC Public Library official site (single-jurisdiction system).,PUBLIC_USE,2026-09-12
AK,Alaska,1,1600000US0203000,"Anchorage municipality, Alaska",03000,288976,ACS_2024_5YR_B01003_PLACE_SUMLEV160,NAME_OVERLAP_TOP3_INCORPORATED,99577,0.0,61.17425,-149.284329,nearest_2026_gazetteer_zcta_to_place_internal_point,OK,AK0002,CHUGIAK-EAGLE RIVER LIBRARY,23.075,https://library.alaska.gov/,STATE_LIBRARY_HOME_HANDOFF,indirect,Alaska State Library official homepage.,PUBLIC_USE,2026-09-12
AK,Alaska,2,1600000US0224230,"Fairbanks city, Alaska",24230,32083,ACS_2024_5YR_B01003_PLACE_SUMLEV160,NAME_OVERLAP_TOP3_INCORPORATED,99703,1.814,64.838559,-147.651483,nearest_2026_gazetteer_zcta_to_place_internal_point,OK,AK0023,BOOKMOBILE,4.099,https://library.alaska.gov/,STATE_LIBRARY_HOME_HANDOFF,indirect,Alaska State Library official homepage.,PUBLIC_USE,2026-09-12
AK,Alaska,3,1600000US0236400,"Juneau city and borough, Alaska",36400,31794,ACS_2024_5YR_B01003_PLACE_SUMLEV160,NAME_OVERLAP_TOP3_INCORPORATED,99801,0.0,58.372904,-134.178438,nearest_2026_gazetteer_zcta_to_place_internal_point,OK,AK0035,DOWNTOWN PUBLIC LIBRARY,15.548,https://library.alaska.gov/,STATE_LIBRARY_HOME_HANDOFF,indirect,Alaska State Library official homepage.,PUBLIC_USE,2026-09-12
AL,Alabama,1,1600000US0137000,"Huntsville city, Alabama",37000,222791,ACS_2024_5YR_B01003_PLACE_SUMLEV160,NAME_OVERLAP_TOP3_INCORPORATED,35805,5.292,34.68874,-86.675075,nearest_2026_gazetteer_zcta_to_place_internal_point,OK,AL0166,HUNTSVILLE PUBLIC - MADISON BRANCH LIBRARY,6.755,https://www.imls.gov/search-compare,IMLS_SEARCH_COMPARE_IDENTITY,indirect,Official IMLS Library Search & Compare tool. FY2024 PUD has no website field. User searches FSCS ID/name. Linked source remains final authority.,PUBLIC_USE,2026-09-12
AL,Alabama,2,1600000US0150000,"Mobile city, Alabama",50000,203416,ACS_2024_5YR_B01003_PLACE_SUMLEV160,NAME_OVERLAP_TOP3_INCORPORATED,36606,0.199,30.668246,-88.107853,nearest_2026_gazetteer_zcta_to_place_internal_point,OK,AL0186,MOBILE PUBLIC - MOORER/SPRING HILL BRANCH,4.598,https://www.imls.gov/search-compare,IMLS_SEARCH_COMPARE_IDENTITY,indirect,Official IMLS Library Search & Compare tool. FY2024 PUD has no website field. User searches FSCS ID/name. Linked source remains final authority.,PUBLIC_USE,2026-09-12
AL,Alabama,3,1600000US0107000,"Birmingham city, Alabama",07000,198173,ACS_2024_5YR_B01003_PLACE_SUMLEV160,NAME_OVERLAP_TOP3_INCORPORATED,35203,1.554,33.527174,-86.797036,nearest_2026_gazetteer_zcta_to_place_internal_point,OK,AL0107,BOOKMOBILE,1.291,https://www.imls.gov/search-compare,IMLS_SEARCH_COMPARE_IDENTITY,indirect,Official IMLS Library Search & Compare tool. FY2024 PUD has no website field. User searches FSCS ID/name. Linked source remains final authority.,PUBLIC_USE,2026-09-12
AR,Arkansas,1,1600000US0541000,"Little Rock city, Arkansas",41000,203436,ACS_2024_5YR_B01003_PLACE_SUMLEV160,NAME_OVERLAP_TOP3_INCORPORATED,72204,0.656,34.723218,-92.356264,nearest_2026_gazetteer_zcta_to_place_internal_point,OK,AR0001,SIDNEY SANDERS MCMATH,1.935,https://library.arkansas.gov/,STATE_LIBRARY_HOME_HANDOFF,indirect,"Arkansas State Library official homepage. Indirect home handoff, not a facility-directory URL.",PUBLIC_USE,2026-09-12
AR,Arkansas,2,1600000US0523290,"Fayetteville city, Arkansas",23290,99319,ACS_2024_5YR_B01003_PLACE_SUMLEV160,NAME_OVERLAP_TOP3_INCORPORATED,72730,10.242,36.071451,-94.166679,nearest_2026_gazetteer_zcta_to_place_internal_point,OK,AR0066,FAYETTEVILLE PUBLIC LIBRARY,1.066,https://faylib.org/,DIRECT_LIBRARY_SYSTEM,direct,Official library/system page retrieved this research packet; not inferred from the name.,LINK_ONLY,2026-09-12
AR,Arkansas,3,1600000US0524550,"Fort Smith city, Arkansas",24550,89805,ACS_2024_5YR_B01003_PLACE_SUMLEV160,NAME_OVERLAP_TOP3_INCORPORATED,72903,1.117,35.349276,-94.370883,nearest_2026_gazetteer_zcta_to_place_internal_point,OK,AR0011,DALLAS STREET BRANCH LIBRARY,2.647,https://library.arkansas.gov/,STATE_LIBRARY_HOME_HANDOFF,indirect,"Arkansas State Library official homepage. Indirect home handoff, not a facility-directory URL.",PUBLIC_USE,2026-09-12
AZ,Arizona,1,1600000US0455000,"Phoenix city, Arizona",55000,1642323,ACS_2024_5YR_B01003_PLACE_SUMLEV160,NAME_OVERLAP_TOP3_INCORPORATED,85021,1.311,33.572154,-112.090132,nearest_2026_gazetteer_zcta_to_place_internal_point,OK,AZ0035,ACACIA LIBRARY,2.587,https://www.imls.gov/search-compare,IMLS_SEARCH_COMPARE_IDENTITY,indirect,Official IMLS Library Search & Compare tool. FY2024 PUD has no website field. User searches FSCS ID/name. Linked source remains final authority.,PUBLIC_USE,2026-09-12
AZ,Arizona,2,1600000US0477000,"Tucson city, Arizona",77000,547073,ACS_2024_5YR_B01003_PLACE_SUMLEV160,NAME_OVERLAP_TOP3_INCORPORATED,85708,2.738,32.152831,-110.87075,nearest_2026_gazetteer_zcta_to_place_internal_point,OK,AZ0064,ECKSTROM-COLUMBUS BRANCH LIBRARY,6.625,https://www.imls.gov/search-compare,IMLS_SEARCH_COMPARE_IDENTITY,indirect,Official IMLS Library Search & Compare tool. FY2024 PUD has no website field. User searches FSCS ID/name. Linked source remains final authority.,PUBLIC_USE,2026-09-12
AZ,Arizona,3,1600000US0446000,"Mesa city, Arizona",46000,511764,ACS_2024_5YR_B01003_PLACE_SUMLEV160,NAME_OVERLAP_TOP3_INCORPORATED,85206,0.219,33.399355,-111.715968,nearest_2026_gazetteer_zcta_to_place_internal_point,OK,AZ0034,CITY OF MESA RED MOUNTAIN LIBRARY,4.287,https://www.imls.gov/search-compare,IMLS_SEARCH_COMPARE_IDENTITY,indirect,Official IMLS Library Search & Compare tool. FY2024 PUD has no website field. User searches FSCS ID/name. Linked source remains final authority.,PUBLIC_USE,2026-09-12
CA,California,1,1600000US0644000,"Los Angeles city, California",44000,3857263,ACS_2024_5YR_B01003_PLACE_SUMLEV160,NAME_OVERLAP_TOP3_INCORPORATED,90034,1.617,34.019394,-118.410825,nearest_2026_gazetteer_zcta_to_place_internal_point,OK,CA0063,PALMS-RANCHO PARK BRANCH,1.703,https://www.library.ca.gov/,STATE_LIBRARY_HOME_HANDOFF,indirect,California State Library official homepage.,PUBLIC_USE,2026-09-12
CA,California,2,1600000US0666000,"San Diego city, California",66000,1389526,ACS_2024_5YR_B01003_PLACE_SUMLEV160,NAME_OVERLAP_TOP3_INCORPORATED,92123,2.622,32.830391,-117.120923,nearest_2026_gazetteer_zcta_to_place_internal_point,OK,CA0113,TIERRASANTA BRANCH LIBRARY,2.403,https://www.library.ca.gov/,STATE_LIBRARY_HOME_HANDOFF,indirect,California State Library official homepage.,PUBLIC_USE,2026-09-12
CA,California,3,1600000US0668000,"San Jose city, California",68000,990138,ACS_2024_5YR_B01003_PLACE_SUMLEV160,NAME_OVERLAP_TOP3_INCORPORATED,95121,1.046,37.296011,-121.814552,nearest_2026_gazetteer_zcta_to_place_internal_point,OK,CA0115,SEVEN TREES BRANCH LIBRARY,2.061,https://www.library.ca.gov/,STATE_LIBRARY_HOME_HANDOFF,indirect,California State Library official homepage.,PUBLIC_USE,2026-09-12
CO,Colorado,1,1600000US0820000,"Denver city, Colorado",20000,718877,ACS_2024_5YR_B01003_PLACE_SUMLEV160,NAME_OVERLAP_TOP3_INCORPORATED,80238,1.738,39.76185,-104.881105,nearest_2026_gazetteer_zcta_to_place_internal_point,OK,CO0034,SAM GARY BRANCH LIBRARY,1.695,https://www.imls.gov/search-compare,IMLS_SEARCH_COMPARE_IDENTITY,indirect,Official IMLS Library Search & Compare tool. FY2024 PUD has no website field. User searches FSCS ID/name. Linked source remains final authority.,PUBLIC_USE,2026-09-12
CO,Colorado,2,1600000US0816000,"Colorado Springs city, Colorado",16000,487887,ACS_2024_5YR_B01003_PLACE_SUMLEV160,NAME_OVERLAP_TOP3_INCORPORATED,80909,2.012,38.867255,-104.760749,nearest_2026_gazetteer_zcta_to_place_internal_point,OK,CO0096,RUTH HOLLEY LIBRARY,2.991,https://www.imls.gov/search-compare,IMLS_SEARCH_COMPARE_IDENTITY,indirect,Official IMLS Library Search & Compare tool. FY2024 PUD has no website field. User searches FSCS ID/name. Linked source remains final authority.,PUBLIC_USE,2026-09-12
CO,Colorado,3,1600000US0804000,"Aurora city, Colorado",04000,394432,ACS_2024_5YR_B01003_PLACE_SUMLEV160,NAME_OVERLAP_TOP3_INCORPORATED,80018,1.527,39.688296,-104.6894,nearest_2026_gazetteer_zcta_to_place_internal_point,OK,CO0005,SMOKY HILL PUBLIC LIBRARY,10.327,https://www.imls.gov/search-compare,IMLS_SEARCH_COMPARE_IDENTITY,indirect,Official IMLS Library Search & Compare tool. FY2024 PUD has no website field. User searches FSCS ID/name. Linked source remains final authority.,PUBLIC_USE,2026-09-12
CT,Connecticut,1,1600000US0908000,"Bridgeport city, Connecticut",08000,149153,ACS_2024_5YR_B01003_PLACE_SUMLEV160,NAME_OVERLAP_TOP3_INCORPORATED,06608,1.218,41.187393,-73.195757,nearest_2026_gazetteer_zcta_to_place_internal_point,OK,CT0016,EAST SIDE BRANCH LIBRARY,1.323,https://www.imls.gov/search-compare,IMLS_SEARCH_COMPARE_IDENTITY,indirect,Official IMLS Library Search & Compare tool. FY2024 PUD has no website field. User searches FSCS ID/name. Linked source remains final authority.,PUBLIC_USE,2026-09-12
CT,Connecticut,2,1600000US0973000,"Stamford city, Connecticut",73000,137144,ACS_2024_5YR_B01003_PLACE_SUMLEV160,NAME_OVERLAP_TOP3_INCORPORATED,06905,0.933,41.079615,-73.546144,nearest_2026_gazetteer_zcta_to_place_internal_point,OK,CT0151,HARRY BENNETT LIBRARY,1.917,https://www.imls.gov/search-compare,IMLS_SEARCH_COMPARE_IDENTITY,indirect,Official IMLS Library Search & Compare tool. FY2024 PUD has no website field. User searches FSCS ID/name. Linked source remains final authority.,PUBLIC_USE,2026-09-12
CT,Connecticut,3,1600000US0952000,"New Haven city, Connecticut",52000,134349,ACS_2024_5YR_B01003_PLACE_SUMLEV160,NAME_OVERLAP_TOP3_INCORPORATED,06510,0.532,41.310809,-72.924953,nearest_2026_gazetteer_zcta_to_place_internal_point,OK,CT0103,NEW HAVEN FREE PUBLIC LIBRARY,0.244,https://www.imls.gov/search-compare,IMLS_SEARCH_COMPARE_IDENTITY,indirect,Official IMLS Library Search & Compare tool. FY2024 PUD has no website field. User searches FSCS ID/name. Linked source remains final authority.,PUBLIC_USE,2026-09-12
DE,Delaware,1,1600000US1077580,"Wilmington city, Delaware",77580,71727,ACS_2024_5YR_B01003_PLACE_SUMLEV160,NAME_OVERLAP_TOP3_INCORPORATED,19801,1.551,39.735651,-75.532104,nearest_2026_gazetteer_zcta_to_place_internal_point,OK,DE0022,WILMINGTON INSTITUTE LIBRARY,1.702,https://www.imls.gov/search-compare,IMLS_SEARCH_COMPARE_IDENTITY,indirect,Official IMLS Library Search & Compare tool. FY2024 PUD has no website field. User searches FSCS ID/name. Linked source remains final authority.,PUBLIC_USE,2026-09-12
DE,Delaware,2,1600000US1021200,"Dover city, Delaware",21200,39837,ACS_2024_5YR_B01003_PLACE_SUMLEV160,NAME_OVERLAP_TOP3_INCORPORATED,19901,4.747,39.160602,-75.521659,nearest_2026_gazetteer_zcta_to_place_internal_point,OK,DE0029,DOVER PUBLIC LIBRARY,0.229,https://www.imls.gov/search-compare,IMLS_SEARCH_COMPARE_IDENTITY,indirect,Official IMLS Library Search & Compare tool. FY2024 PUD has no website field. User searches FSCS ID/name. Linked source remains final authority.,PUBLIC_USE,2026-09-12
DE,Delaware,3,1600000US1050670,"Newark city, Delaware",50670,30330,ACS_2024_5YR_B01003_PLACE_SUMLEV160,NAME_OVERLAP_TOP3_INCORPORATED,19717,0.654,39.677649,-75.757479,nearest_2026_gazetteer_zcta_to_place_internal_point,OK,DE0046,NEWARK FREE LIBRARY,1.881,https://www.imls.gov/search-compare,IMLS_SEARCH_COMPARE_IDENTITY,indirect,Official IMLS Library Search & Compare tool. FY2024 PUD has no website field. User searches FSCS ID/name. Linked source remains final authority.,PUBLIC_USE,2026-09-12
FL,Florida,1,1600000US1235000,"Jacksonville city, Florida",35000,977670,ACS_2024_5YR_B01003_PLACE_SUMLEV160,NAME_OVERLAP_TOP3_INCORPORATED,32203,0.923,30.335914,-81.661762,nearest_2026_gazetteer_zcta_to_place_internal_point,OK,FL0003,JACKSONVILLE PUBLIC LIBRARY - MAIN LIBRARY,0.802,https://www.imls.gov/search-compare,IMLS_SEARCH_COMPARE_IDENTITY,indirect,Official IMLS Library Search & Compare tool. FY2024 PUD has no website field. User searches FSCS ID/name. Linked source remains final authority.,PUBLIC_USE,2026-09-12
FL,Florida,2,1600000US1245000,"Miami city, Florida",45000,459745,ACS_2024_5YR_B01003_PLACE_SUMLEV160,NAME_OVERLAP_TOP3_INCORPORATED,33128,0.549,25.775163,-80.208615,nearest_2026_gazetteer_zcta_to_place_internal_point,OK,FL0025,HISPANIC BRANCH LIBRARY,0.953,https://www.imls.gov/search-compare,IMLS_SEARCH_COMPARE_IDENTITY,indirect,Official IMLS Library Search & Compare tool. FY2024 PUD has no website field. User searches FSCS ID/name. Linked source remains final authority.,PUBLIC_USE,2026-09-12
FL,Florida,3,1600000US1271000,"Tampa city, Florida",71000,401618,ACS_2024_5YR_B01003_PLACE_SUMLEV160,NAME_OVERLAP_TOP3_INCORPORATED,33603,2.21,27.967876,-82.474586,nearest_2026_gazetteer_zcta_to_place_internal_point,OK,FL0035,WEST TAMPA BRANCH LIBRARY,1.41,https://www.imls.gov/search-compare,IMLS_SEARCH_COMPARE_IDENTITY,indirect,Official IMLS Library Search & Compare tool. FY2024 PUD has no website field. User searches FSCS ID/name. Linked source remains final authority.,PUBLIC_USE,2026-09-12
GA,Georgia,1,1600000US1304000,"Atlanta city, Georgia",04000,505268,ACS_2024_5YR_B01003_PLACE_SUMLEV160,NAME_OVERLAP_TOP3_INCORPORATED,30314,1.026,33.762909,-84.422675,nearest_2026_gazetteer_zcta_to_place_internal_point,OK,GA0022,WASHINGTON PARK/ANNIE L. MCPHEETERS BRANCH LIBRARY,0.999,https://www.imls.gov/search-compare,IMLS_SEARCH_COMPARE_IDENTITY,indirect,Official IMLS Library Search & Compare tool. FY2024 PUD has no website field. User searches FSCS ID/name. Linked source remains final authority.,PUBLIC_USE,2026-09-12
GA,Georgia,2,1600000US1319000,"Columbus city, Georgia",19000,203711,ACS_2024_5YR_B01003_PLACE_SUMLEV160,NAME_OVERLAP_TOP3_INCORPORATED,31907,3.802,32.510742,-84.874098,nearest_2026_gazetteer_zcta_to_place_internal_point,OK,GA0036,COLUMBUS PUBLIC LIBRARY,7.545,https://www.imls.gov/search-compare,IMLS_SEARCH_COMPARE_IDENTITY,indirect,Official IMLS Library Search & Compare tool. FY2024 PUD has no website field. User searches FSCS ID/name. Linked source remains final authority.,PUBLIC_USE,2026-09-12
GA,Georgia,3,1600000US1304204,"Augusta-Richmond County consolidated government (balance), Georgia",04204,201528,ACS_2024_5YR_B01003_PLACE_SUMLEV160,NAME_OVERLAP_TOP3_INCORPORATED,30812,4.125,33.365531,-82.073422,nearest_2026_gazetteer_zcta_to_place_internal_point,OK,GA0039,DIAMOND LAKES BRANCH,1.56,https://www.imls.gov/search-compare,IMLS_SEARCH_COMPARE_IDENTITY,indirect,Official IMLS Library Search & Compare tool. FY2024 PUD has no website field. User searches FSCS ID/name. Linked source remains final authority.,PUBLIC_USE,2026-09-12
HI,Hawaii,1,1600000US1571550,"Urban Honolulu CDP, Hawaii",71550,345482,ACS_2024_5YR_B01003_PLACE_SUMLEV160,NAME_OVERLAP_TOP3_INCORPORATED,96813,0.908,21.324347,-157.84764,nearest_2026_gazetteer_zcta_to_place_internal_point,OK,HI0001,LILIHA PUBLIC LIBRARY,1.394,https://www.librarieshawaii.org/,STATE_LIBRARY_SYSTEM,indirect,Hawaii State Public Library System official site.,LINK_ONLY,2026-09-12
HI,Hawaii,2,1600000US1506290,"East Honolulu CDP, Hawaii",06290,51360,ACS_2024_5YR_B01003_PLACE_SUMLEV160,DIFFERS_FROM_TOP3_INCORPORATED,96825,2.644,21.289092,-157.717468,nearest_2026_gazetteer_zcta_to_place_internal_point,OK,HI0001,HAWAII KAI PUBLIC LIBRARY,1.929,https://www.librarieshawaii.org/,STATE_LIBRARY_SYSTEM,indirect,Hawaii State Public Library System official site.,LINK_ONLY,2026-09-12
HI,Hawaii,3,1600000US1514650,"Hilo CDP, Hawaii",14650,50404,ACS_2024_5YR_B01003_PLACE_SUMLEV160,DIFFERS_FROM_TOP3_INCORPORATED,96749,12.306,19.688748,-155.082892,nearest_2026_gazetteer_zcta_to_place_internal_point,OK,HI0001,HILO PUBLIC LIBRARY,4.043,https://www.librarieshawaii.org/,STATE_LIBRARY_SYSTEM,indirect,Hawaii State Public Library System official site.,LINK_ONLY,2026-09-12
IA,Iowa,1,1600000US1921000,"Des Moines city, Iowa",21000,212421,ACS_2024_5YR_B01003_PLACE_SUMLEV160,NAME_OVERLAP_TOP3_INCORPORATED,50309,1.619,41.57259,-93.610243,nearest_2026_gazetteer_zcta_to_place_internal_point,OK,IA0027,DES MOINES PUBLIC LIBRARY,2.302,https://www.imls.gov/search-compare,IMLS_SEARCH_COMPARE_IDENTITY,indirect,Official IMLS Library Search & Compare tool. FY2024 PUD has no website field. User searches FSCS ID/name. Linked source remains final authority.,PUBLIC_USE,2026-09-12
IA,Iowa,2,1600000US1912000,"Cedar Rapids city, Iowa",12000,137264,ACS_2024_5YR_B01003_PLACE_SUMLEV160,NAME_OVERLAP_TOP3_INCORPORATED,52401,2.073,41.964226,-91.679164,nearest_2026_gazetteer_zcta_to_place_internal_point,OK,IA0373,CEDAR RAPIDS PUBLIC LIBRARY,1.952,https://www.imls.gov/search-compare,IMLS_SEARCH_COMPARE_IDENTITY,indirect,Official IMLS Library Search & Compare tool. FY2024 PUD has no website field. User searches FSCS ID/name. Linked source remains final authority.,PUBLIC_USE,2026-09-12
IA,Iowa,3,1600000US1919000,"Davenport city, Iowa",19000,100913,ACS_2024_5YR_B01003_PLACE_SUMLEV160,NAME_OVERLAP_TOP3_INCORPORATED,52806,4.018,41.55682,-90.603948,nearest_2026_gazetteer_zcta_to_place_internal_point,OK,IA0355,FAIRMOUNT STREET BRANCH,2.219,https://www.imls.gov/search-compare,IMLS_SEARCH_COMPARE_IDENTITY,indirect,Official IMLS Library Search & Compare tool. FY2024 PUD has no website field. User searches FSCS ID/name. Linked source remains final authority.,PUBLIC_USE,2026-09-12
ID,Idaho,1,1600000US1608830,"Boise City city, Idaho",08830,237242,ACS_2024_5YR_B01003_PLACE_SUMLEV160,NAME_OVERLAP_TOP3_INCORPORATED,83725,2.223,43.59805,-116.231596,nearest_2026_gazetteer_zcta_to_place_internal_point,OK,ID0005,BOISE PUBLIC-HILLCREST BRANCH,1.543,https://www.imls.gov/search-compare,IMLS_SEARCH_COMPARE_IDENTITY,indirect,Official IMLS Library Search & Compare tool. FY2024 PUD has no website field. User searches FSCS ID/name. Linked source remains final authority.,PUBLIC_USE,2026-09-12
ID,Idaho,2,1600000US1652120,"Meridian city, Idaho",52120,130138,ACS_2024_5YR_B01003_PLACE_SUMLEV160,NAME_OVERLAP_TOP3_INCORPORATED,83642,4.117,43.610595,-116.400672,nearest_2026_gazetteer_zcta_to_place_internal_point,OK,ID0061,MERIDIAN DISTRICT - UNBOUND BRANCH,0.851,https://www.imls.gov/search-compare,IMLS_SEARCH_COMPARE_IDENTITY,indirect,Official IMLS Library Search & Compare tool. FY2024 PUD has no website field. User searches FSCS ID/name. Linked source remains final authority.,PUBLIC_USE,2026-09-12
ID,Idaho,3,1600000US1656260,"Nampa city, Idaho",56260,110319,ACS_2024_5YR_B01003_PLACE_SUMLEV160,NAME_OVERLAP_TOP3_INCORPORATED,83687,3.985,43.584321,-116.563971,nearest_2026_gazetteer_zcta_to_place_internal_point,OK,ID0069,NAMPA PUBLIC,0.79,https://www.imls.gov/search-compare,IMLS_SEARCH_COMPARE_IDENTITY,indirect,Official IMLS Library Search & Compare tool. FY2024 PUD has no website field. User searches FSCS ID/name. Linked source remains final authority.,PUBLIC_USE,2026-09-12
IL,Illinois,1,1600000US1714000,"Chicago city, Illinois",14000,2711226,ACS_2024_5YR_B01003_PLACE_SUMLEV160,NAME_OVERLAP_TOP3_INCORPORATED,60608,1.611,41.837045,-87.684939,nearest_2026_gazetteer_zcta_to_place_internal_point,OK,IL0098,MCKINLEY PARK BRANCH,1.211,https://www.imls.gov/search-compare,IMLS_SEARCH_COMPARE_IDENTITY,indirect,Official IMLS Library Search & Compare tool. FY2024 PUD has no website field. User searches FSCS ID/name. Linked source remains final authority.,PUBLIC_USE,2026-09-12
IL,Illinois,2,1600000US1703012,"Aurora city, Illinois",03012,179898,ACS_2024_5YR_B01003_PLACE_SUMLEV160,NAME_OVERLAP_TOP3_INCORPORATED,60505,0.718,41.763455,-88.290099,nearest_2026_gazetteer_zcta_to_place_internal_point,OK,IL0029,AURORA PUBLIC LIBRARY DISTRICT BOOKMOBILE,2.567,https://www.imls.gov/search-compare,IMLS_SEARCH_COMPARE_IDENTITY,indirect,Official IMLS Library Search & Compare tool. FY2024 PUD has no website field. User searches FSCS ID/name. Linked source remains final authority.,PUBLIC_USE,2026-09-12
IL,Illinois,3,1600000US1751622,"Naperville city, Illinois",51622,150692,ACS_2024_5YR_B01003_PLACE_SUMLEV160,NAME_OVERLAP_TOP3_INCORPORATED,60540,2.265,41.749173,-88.162019,nearest_2026_gazetteer_zcta_to_place_internal_point,OK,IL0368,NAPERVILLE PUBLIC LIBRARY,2.78,https://www.imls.gov/search-compare,IMLS_SEARCH_COMPARE_IDENTITY,indirect,Official IMLS Library Search & Compare tool. FY2024 PUD has no website field. User searches FSCS ID/name. Linked source remains final authority.,PUBLIC_USE,2026-09-12
IN,Indiana,1,1600000US1836003,"Indianapolis city (balance), Indiana",36003,885860,ACS_2024_5YR_B01003_PLACE_SUMLEV160,NAME_OVERLAP_TOP3_INCORPORATED,46204,1.166,39.776664,-86.145935,nearest_2026_gazetteer_zcta_to_place_internal_point,OK,IN0210,INDIANAPOLIS PUBLIC LIBRARY,0.937,https://www.imls.gov/search-compare,IMLS_SEARCH_COMPARE_IDENTITY,indirect,Official IMLS Library Search & Compare tool. FY2024 PUD has no website field. User searches FSCS ID/name. Linked source remains final authority.,PUBLIC_USE,2026-09-12
IN,Indiana,2,1600000US1825000,"Fort Wayne city, Indiana",25000,268589,ACS_2024_5YR_B01003_PLACE_SUMLEV160,NAME_OVERLAP_TOP3_INCORPORATED,46805,2.485,41.088193,-85.142791,nearest_2026_gazetteer_zcta_to_place_internal_point,OK,IN0073,LITTLE TURTLE BRANCH,1.217,https://www.imls.gov/search-compare,IMLS_SEARCH_COMPARE_IDENTITY,indirect,Official IMLS Library Search & Compare tool. FY2024 PUD has no website field. User searches FSCS ID/name. Linked source remains final authority.,PUBLIC_USE,2026-09-12
IN,Indiana,3,1600000US1822000,"Evansville city, Indiana",22000,116116,ACS_2024_5YR_B01003_PLACE_SUMLEV160,NAME_OVERLAP_TOP3_INCORPORATED,47711,3.07,37.987737,-87.534705,nearest_2026_gazetteer_zcta_to_place_internal_point,OK,IN0020,STRINGTOWN BRANCH LIBRARY,2.043,https://www.imls.gov/search-compare,IMLS_SEARCH_COMPARE_IDENTITY,indirect,Official IMLS Library Search & Compare tool. FY2024 PUD has no website field. User searches FSCS ID/name. Linked source remains final authority.,PUBLIC_USE,2026-09-12
KS,Kansas,1,1600000US2079000,"Wichita city, Kansas",79000,397945,ACS_2024_5YR_B01003_PLACE_SUMLEV160,NAME_OVERLAP_TOP3_INCORPORATED,67202,1.211,37.689344,-97.348353,nearest_2026_gazetteer_zcta_to_place_internal_point,OK,KS0226,ADVANCED LEARNING LIBRARY,0.181,https://www.imls.gov/search-compare,IMLS_SEARCH_COMPARE_IDENTITY,indirect,Official IMLS Library Search & Compare tool. FY2024 PUD has no website field. User searches FSCS ID/name. Linked source remains final authority.,PUBLIC_USE,2026-09-12
KS,Kansas,2,1600000US2053775,"Overland Park city, Kansas",53775,200306,ACS_2024_5YR_B01003_PLACE_SUMLEV160,NAME_OVERLAP_TOP3_INCORPORATED,66213,1.601,38.889042,-94.690584,nearest_2026_gazetteer_zcta_to_place_internal_point,OK,KS0134,BLUE VALLEY LIBRARY,3.819,https://www.imls.gov/search-compare,IMLS_SEARCH_COMPARE_IDENTITY,indirect,Official IMLS Library Search & Compare tool. FY2024 PUD has no website field. User searches FSCS ID/name. Linked source remains final authority.,PUBLIC_USE,2026-09-12
KS,Kansas,3,1600000US2036000,"Kansas City city, Kansas",36000,155135,ACS_2024_5YR_B01003_PLACE_SUMLEV160,NAME_OVERLAP_TOP3_INCORPORATED,66112,2.582,39.122539,-94.741781,nearest_2026_gazetteer_zcta_to_place_internal_point,OK,KS0133,WEST WYANDOTTE,2.43,https://www.imls.gov/search-compare,IMLS_SEARCH_COMPARE_IDENTITY,indirect,Official IMLS Library Search & Compare tool. FY2024 PUD has no website field. User searches FSCS ID/name. Linked source remains final authority.,PUBLIC_USE,2026-09-12
KY,Kentucky,1,1600000US2148006,"Louisville/Jefferson County metro government (balance), Kentucky",48006,631818,ACS_2024_5YR_B01003_PLACE_SUMLEV160,NAME_OVERLAP_TOP3_INCORPORATED,40218,2.831,38.165376,-85.647377,nearest_2026_gazetteer_zcta_to_place_internal_point,OK,KY0053,NEWBURG,2.7,https://www.imls.gov/search-compare,IMLS_SEARCH_COMPARE_IDENTITY,indirect,Official IMLS Library Search & Compare tool. FY2024 PUD has no website field. User searches FSCS ID/name. Linked source remains final authority.,PUBLIC_USE,2026-09-12
KY,Kentucky,2,1600000US2146027,"Lexington-Fayette urban county, Kentucky",46027,323725,ACS_2024_5YR_B01003_PLACE_SUMLEV160,NAME_OVERLAP_TOP3_INCORPORATED,40505,2.252,38.040638,-84.458238,nearest_2026_gazetteer_zcta_to_place_internal_point,OK,KY0031,LEXINGTON PUBLIC LIBRARY,3.399,https://www.imls.gov/search-compare,IMLS_SEARCH_COMPARE_IDENTITY,indirect,Official IMLS Library Search & Compare tool. FY2024 PUD has no website field. User searches FSCS ID/name. Linked source remains final authority.,PUBLIC_USE,2026-09-12
KY,Kentucky,3,1600000US2108902,"Bowling Green city, Kentucky",08902,75388,ACS_2024_5YR_B01003_PLACE_SUMLEV160,NAME_OVERLAP_TOP3_INCORPORATED,42101,9.406,36.976832,-86.433661,nearest_2026_gazetteer_zcta_to_place_internal_point,OK,KY0109,WARREN COUNTY PUBLIC LIBRARY,1.766,https://www.imls.gov/search-compare,IMLS_SEARCH_COMPARE_IDENTITY,indirect,Official IMLS Library Search & Compare tool. FY2024 PUD has no website field. User searches FSCS ID/name. Linked source remains final authority.,PUBLIC_USE,2026-09-12
LA,Louisiana,1,1600000US2255000,"New Orleans city, Louisiana",55000,371853,ACS_2024_5YR_B01003_PLACE_SUMLEV160,NAME_OVERLAP_TOP3_INCORPORATED,70128,1.86,30.052877,-89.934502,nearest_2026_gazetteer_zcta_to_place_internal_point,OK,LA0058,EAST NEW ORLEANS BRANCH,4.309,https://www.imls.gov/search-compare,IMLS_SEARCH_COMPARE_IDENTITY,indirect,Official IMLS Library Search & Compare tool. FY2024 PUD has no website field. User searches FSCS ID/name. Linked source remains final authority.,PUBLIC_USE,2026-09-12
LA,Louisiana,2,1600000US2205000,"Baton Rouge city, Louisiana",05000,222771,ACS_2024_5YR_B01003_PLACE_SUMLEV160,NAME_OVERLAP_TOP3_INCORPORATED,70806,1.233,30.440443,-91.133166,nearest_2026_gazetteer_zcta_to_place_internal_point,OK,LA0055,EAST BATON ROUGE PARISH LIBRARY,2.55,https://www.imls.gov/search-compare,IMLS_SEARCH_COMPARE_IDENTITY,indirect,Official IMLS Library Search & Compare tool. FY2024 PUD has no website field. User searches FSCS ID/name. Linked source remains final authority.,PUBLIC_USE,2026-09-12
LA,Louisiana,3,1600000US2270000,"Shreveport city, Louisiana",70000,180982,ACS_2024_5YR_B01003_PLACE_SUMLEV160,NAME_OVERLAP_TOP3_INCORPORATED,71109,2.037,32.466879,-93.792193,nearest_2026_gazetteer_zcta_to_place_internal_point,OK,LA0054,ATKINS BRANCH,1.033,https://www.imls.gov/search-compare,IMLS_SEARCH_COMPARE_IDENTITY,indirect,Official IMLS Library Search & Compare tool. FY2024 PUD has no website field. User searches FSCS ID/name. Linked source remains final authority.,PUBLIC_USE,2026-09-12
MA,Massachusetts,1,1600000US2507000,"Boston city, Massachusetts",07000,666442,ACS_2024_5YR_B01003_PLACE_SUMLEV160,NAME_OVERLAP_TOP3_INCORPORATED,02127,2.051,42.332735,-71.013513,nearest_2026_gazetteer_zcta_to_place_internal_point,OK,MA0035,SOUTH BOSTON BRANCH LIBRARY,2.096,https://www.imls.gov/search-compare,IMLS_SEARCH_COMPARE_IDENTITY,indirect,Official IMLS Library Search & Compare tool. FY2024 PUD has no website field. User searches FSCS ID/name. Linked source remains final authority.,PUBLIC_USE,2026-09-12
MA,Massachusetts,2,1600000US2582000,"Worcester city, Massachusetts",82000,207055,ACS_2024_5YR_B01003_PLACE_SUMLEV160,NAME_OVERLAP_TOP3_INCORPORATED,01608,0.974,42.269478,-71.807783,nearest_2026_gazetteer_zcta_to_place_internal_point,OK,MA0344,WORCESTER PUBLIC LIBRARY,1.154,https://www.imls.gov/search-compare,IMLS_SEARCH_COMPARE_IDENTITY,indirect,Official IMLS Library Search & Compare tool. FY2024 PUD has no website field. User searches FSCS ID/name. Linked source remains final authority.,PUBLIC_USE,2026-09-12
MA,Massachusetts,3,1600000US2567000,"Springfield city, Massachusetts",67000,154749,ACS_2024_5YR_B01003_PLACE_SUMLEV160,NAME_OVERLAP_TOP3_INCORPORATED,01109,0.931,42.115454,-72.539978,nearest_2026_gazetteer_zcta_to_place_internal_point,OK,MA0278,PINE POINT BRANCH LIBRARY,1.3,https://www.imls.gov/search-compare,IMLS_SEARCH_COMPARE_IDENTITY,indirect,Official IMLS Library Search & Compare tool. FY2024 PUD has no website field. User searches FSCS ID/name. Linked source remains final authority.,PUBLIC_USE,2026-09-12
MD,Maryland,1,1600000US2404000,"Baltimore city, Maryland",04000,573243,ACS_2024_5YR_B01003_PLACE_SUMLEV160,NAME_OVERLAP_TOP3_INCORPORATED,21202,0.379,39.300061,-76.610518,nearest_2026_gazetteer_zcta_to_place_internal_point,OK,MD0003,ENOCH PRATT CENTRAL,0.823,https://www.imls.gov/search-compare,IMLS_SEARCH_COMPARE_IDENTITY,indirect,Official IMLS Library Search & Compare tool. FY2024 PUD has no website field. User searches FSCS ID/name. Linked source remains final authority.,PUBLIC_USE,2026-09-12
MD,Maryland,2,1600000US2419125,"Columbia CDP, Maryland",19125,104338,ACS_2024_5YR_B01003_PLACE_SUMLEV160,DIFFERS_FROM_TOP3_INCORPORATED,21044,1.757,39.201146,-76.85905,nearest_2026_gazetteer_zcta_to_place_internal_point,OK,MD0014,CENTRAL BRANCH,1.162,https://www.imls.gov/search-compare,IMLS_SEARCH_COMPARE_IDENTITY,indirect,Official IMLS Library Search & Compare tool. FY2024 PUD has no website field. User searches FSCS ID/name. Linked source remains final authority.,PUBLIC_USE,2026-09-12
MD,Maryland,3,1600000US2432025,"Germantown CDP, Maryland",32025,90719,ACS_2024_5YR_B01003_PLACE_SUMLEV160,DIFFERS_FROM_TOP3_INCORPORATED,20876,4.446,39.174252,-77.263754,nearest_2026_gazetteer_zcta_to_place_internal_point,OK,MD0016,GERMANTOWN BRANCH,0.849,https://www.imls.gov/search-compare,IMLS_SEARCH_COMPARE_IDENTITY,indirect,Official IMLS Library Search & Compare tool. FY2024 PUD has no website field. User searches FSCS ID/name. Linked source remains final authority.,PUBLIC_USE,2026-09-12
ME,Maine,1,1600000US2360545,"Portland city, Maine",60545,68854,ACS_2024_5YR_B01003_PLACE_SUMLEV160,NAME_OVERLAP_TOP3_INCORPORATED,04108,0.419,43.633157,-70.185305,nearest_2026_gazetteer_zcta_to_place_internal_point,OK,ME0174,PORTLAND - PEAKS ISLAND BRANCH LIBRARY,2.988,https://www.imls.gov/search-compare,IMLS_SEARCH_COMPARE_IDENTITY,indirect,Official IMLS Library Search & Compare tool. FY2024 PUD has no website field. User searches FSCS ID/name. Linked source remains final authority.,PUBLIC_USE,2026-09-12
ME,Maine,2,1600000US2338740,"Lewiston city, Maine",38740,38324,ACS_2024_5YR_B01003_PLACE_SUMLEV160,NAME_OVERLAP_TOP3_INCORPORATED,04240,0.0,44.089325,-70.172051,nearest_2026_gazetteer_zcta_to_place_internal_point,OK,ME0119,LEWISTON PUBLIC LIBRARY,3.603,https://www.imls.gov/search-compare,IMLS_SEARCH_COMPARE_IDENTITY,indirect,Official IMLS Library Search & Compare tool. FY2024 PUD has no website field. User searches FSCS ID/name. Linked source remains final authority.,PUBLIC_USE,2026-09-12
ME,Maine,3,1600000US2302795,"Bangor city, Maine",02795,31938,ACS_2024_5YR_B01003_PLACE_SUMLEV160,NAME_OVERLAP_TOP3_INCORPORATED,04401,5.295,44.829625,-68.788767,nearest_2026_gazetteer_zcta_to_place_internal_point,OK,ME0013,BANGOR PUBLIC LIBRARY,3.138,https://www.imls.gov/search-compare,IMLS_SEARCH_COMPARE_IDENTITY,indirect,Official IMLS Library Search & Compare tool. FY2024 PUD has no website field. User searches FSCS ID/name. Linked source remains final authority.,PUBLIC_USE,2026-09-12
MI,Michigan,1,1600000US2622000,"Detroit city, Michigan",22000,638530,ACS_2024_5YR_B01003_PLACE_SUMLEV160,NAME_OVERLAP_TOP3_INCORPORATED,48206,0.988,42.383037,-83.102237,nearest_2026_gazetteer_zcta_to_place_internal_point,OK,MI0083,DUFFIELD BRANCH LIBRARY,2.353,https://www.imls.gov/search-compare,IMLS_SEARCH_COMPARE_IDENTITY,indirect,Official IMLS Library Search & Compare tool. FY2024 PUD has no website field. User searches FSCS ID/name. Linked source remains final authority.,PUBLIC_USE,2026-09-12
MI,Michigan,2,1600000US2634000,"Grand Rapids city, Michigan",34000,198535,ACS_2024_5YR_B01003_PLACE_SUMLEV160,NAME_OVERLAP_TOP3_INCORPORATED,49503,0.329,42.961156,-85.65557,nearest_2026_gazetteer_zcta_to_place_internal_point,OK,MI0131,GRAND RAPIDS PUBLIC LIBRARY,0.922,https://www.imls.gov/search-compare,IMLS_SEARCH_COMPARE_IDENTITY,indirect,Official IMLS Library Search & Compare tool. FY2024 PUD has no website field. User searches FSCS ID/name. Linked source remains final authority.,PUBLIC_USE,2026-09-12
MI,Michigan,3,1600000US2684000,"Warren city, Michigan",84000,137928,ACS_2024_5YR_B01003_PLACE_SUMLEV160,NAME_OVERLAP_TOP3_INCORPORATED,48015,1.387,42.492904,-83.025001,nearest_2026_gazetteer_zcta_to_place_internal_point,OK,MI0057,CENTER LINE PUBLIC LIBRARY,1.56,https://www.imls.gov/search-compare,IMLS_SEARCH_COMPARE_IDENTITY,indirect,Official IMLS Library Search & Compare tool. FY2024 PUD has no website field. User searches FSCS ID/name. Linked source remains final authority.,PUBLIC_USE,2026-09-12
MN,Minnesota,1,1600000US2743000,"Minneapolis city, Minnesota",43000,427246,ACS_2024_5YR_B01003_PLACE_SUMLEV160,NAME_OVERLAP_TOP3_INCORPORATED,55404,0.57,44.963324,-93.26832,nearest_2026_gazetteer_zcta_to_place_internal_point,OK,MN0041,FRANKLIN LIBRARY,0.961,https://www.imls.gov/search-compare,IMLS_SEARCH_COMPARE_IDENTITY,indirect,Official IMLS Library Search & Compare tool. FY2024 PUD has no website field. User searches FSCS ID/name. Linked source remains final authority.,PUBLIC_USE,2026-09-12
MN,Minnesota,2,1600000US2758000,"St. Paul city, Minnesota",58000,307284,ACS_2024_5YR_B01003_PLACE_SUMLEV160,NAME_OVERLAP_TOP3_INCORPORATED,55155,0.497,44.948913,-93.10403,nearest_2026_gazetteer_zcta_to_place_internal_point,OK,MN0044,ST. PAUL PUBLIC LIBRARY - CENTRAL,0.755,https://www.imls.gov/search-compare,IMLS_SEARCH_COMPARE_IDENTITY,indirect,Official IMLS Library Search & Compare tool. FY2024 PUD has no website field. User searches FSCS ID/name. Linked source remains final authority.,PUBLIC_USE,2026-09-12
MN,Minnesota,3,1600000US2754880,"Rochester city, Minnesota",54880,122330,ACS_2024_5YR_B01003_PLACE_SUMLEV160,NAME_OVERLAP_TOP3_INCORPORATED,55903,3.535,44.014299,-92.478592,nearest_2026_gazetteer_zcta_to_place_internal_point,OK,MN0090,BOOKMOBILE - ROCHESTER,1.637,https://www.imls.gov/search-compare,IMLS_SEARCH_COMPARE_IDENTITY,indirect,Official IMLS Library Search & Compare tool. FY2024 PUD has no website field. User searches FSCS ID/name. Linked source remains final authority.,PUBLIC_USE,2026-09-12
MO,Missouri,1,1600000US2938000,"Kansas City city, Missouri",38000,510612,ACS_2024_5YR_B01003_PLACE_SUMLEV160,NAME_OVERLAP_TOP3_INCORPORATED,64124,2.226,39.125155,-94.550313,nearest_2026_gazetteer_zcta_to_place_internal_point,OK,MO0058,NORTH KANSAS CITY PUBLIC LIBRARY,2.91,https://www.sos.mo.gov/library,STATE_LIBRARY_HOME_HANDOFF,indirect,Missouri Secretary of State State Library Division official page.,PUBLIC_USE,2026-09-12
MO,Missouri,2,1600000US2965000,"St. Louis city, Missouri",65000,288512,ACS_2024_5YR_B01003_PLACE_SUMLEV160,NAME_OVERLAP_TOP3_INCORPORATED,63108,1.274,38.635699,-90.244582,nearest_2026_gazetteer_zcta_to_place_internal_point,OK,MO0030,SCHLAFLY BRANCH,1.743,https://www.sos.mo.gov/library,STATE_LIBRARY_HOME_HANDOFF,indirect,Missouri Secretary of State State Library Division official page.,PUBLIC_USE,2026-09-12
MO,Missouri,3,1600000US2970000,"Springfield city, Missouri",70000,169954,ACS_2024_5YR_B01003_PLACE_SUMLEV160,NAME_OVERLAP_TOP3_INCORPORATED,65897,1.162,37.195337,-93.292363,nearest_2026_gazetteer_zcta_to_place_internal_point,OK,MO0020,PARK CENTRAL BRANCH LIBRARY,1.482,https://www.sos.mo.gov/library,STATE_LIBRARY_HOME_HANDOFF,indirect,Missouri Secretary of State State Library Division official page.,PUBLIC_USE,2026-09-12
MS,Mississippi,1,1600000US2836000,"Jackson city, Mississippi",36000,146631,ACS_2024_5YR_B01003_PLACE_SUMLEV160,NAME_OVERLAP_TOP3_INCORPORATED,39203,1.383,32.315834,-90.21285,nearest_2026_gazetteer_zcta_to_place_internal_point,OK,MS0021,MARGARET WALKER ALEXANDER LIBRARY,1.878,https://www.imls.gov/search-compare,IMLS_SEARCH_COMPARE_IDENTITY,indirect,Official IMLS Library Search & Compare tool. FY2024 PUD has no website field. User searches FSCS ID/name. Linked source remains final authority.,PUBLIC_USE,2026-09-12
MS,Mississippi,2,1600000US2829700,"Gulfport city, Mississippi",29700,73003,ACS_2024_5YR_B01003_PLACE_SUMLEV160,NAME_OVERLAP_TOP3_INCORPORATED,39507,3.93,30.419487,-89.069022,nearest_2026_gazetteer_zcta_to_place_internal_point,OK,MS0016,ORANGE GROVE PUBLIC LIBRARY,5.726,https://www.imls.gov/search-compare,IMLS_SEARCH_COMPARE_IDENTITY,indirect,Official IMLS Library Search & Compare tool. FY2024 PUD has no website field. User searches FSCS ID/name. Linked source remains final authority.,PUBLIC_USE,2026-09-12
MS,Mississippi,3,1600000US2869280,"Southaven city, Mississippi",69280,56226,ACS_2024_5YR_B01003_PLACE_SUMLEV160,NAME_OVERLAP_TOP3_INCORPORATED,38671,2.52,34.951873,-89.976787,nearest_2026_gazetteer_zcta_to_place_internal_point,OK,MS0013,M. R. DAVIS PUBLIC LIBRARY,4.607,https://www.imls.gov/search-compare,IMLS_SEARCH_COMPARE_IDENTITY,indirect,Official IMLS Library Search & Compare tool. FY2024 PUD has no website field. User searches FSCS ID/name. Linked source remains final authority.,PUBLIC_USE,2026-09-12
MT,Montana,1,1600000US3006550,"Billings city, Montana",06550,119434,ACS_2024_5YR_B01003_PLACE_SUMLEV160,NAME_OVERLAP_TOP3_INCORPORATED,59102,2.711,45.788538,-108.552475,nearest_2026_gazetteer_zcta_to_place_internal_point,OK,MT0006,BILLINGS PUBLIC LIBRARY,3.271,https://www.imls.gov/search-compare,IMLS_SEARCH_COMPARE_IDENTITY,indirect,Official IMLS Library Search & Compare tool. FY2024 PUD has no website field. User searches FSCS ID/name. Linked source remains final authority.,PUBLIC_USE,2026-09-12
MT,Montana,2,1600000US3050200,"Missoula city, Montana",50200,76514,ACS_2024_5YR_B01003_PLACE_SUMLEV160,NAME_OVERLAP_TOP3_INCORPORATED,59801,2.492,46.874359,-114.026136,nearest_2026_gazetteer_zcta_to_place_internal_point,OK,MT0051,MISSOULA PUBLIC LIBRARY,2.812,https://www.imls.gov/search-compare,IMLS_SEARCH_COMPARE_IDENTITY,indirect,Official IMLS Library Search & Compare tool. FY2024 PUD has no website field. User searches FSCS ID/name. Linked source remains final authority.,PUBLIC_USE,2026-09-12
MT,Montana,3,1600000US3032800,"Great Falls city, Montana",32800,60329,ACS_2024_5YR_B01003_PLACE_SUMLEV160,NAME_OVERLAP_TOP3_INCORPORATED,59401,1.963,47.502518,-111.29997,nearest_2026_gazetteer_zcta_to_place_internal_point,OK,MT0033,GREAT FALLS PUBLIC LIBRARY,0.583,https://www.imls.gov/search-compare,IMLS_SEARCH_COMPARE_IDENTITY,indirect,Official IMLS Library Search & Compare tool. FY2024 PUD has no website field. User searches FSCS ID/name. Linked source remains final authority.,PUBLIC_USE,2026-09-12
NC,North Carolina,1,1600000US3712000,"Charlotte city, North Carolina",12000,903844,ACS_2024_5YR_B01003_PLACE_SUMLEV160,NAME_OVERLAP_TOP3_INCORPORATED,28204,0.729,35.209045,-80.83099,nearest_2026_gazetteer_zcta_to_place_internal_point,OK,NC0045,MYERS PARK BRANCH LIBRARY,1.466,https://www.imls.gov/search-compare,IMLS_SEARCH_COMPARE_IDENTITY,indirect,Official IMLS Library Search & Compare tool. FY2024 PUD has no website field. User searches FSCS ID/name. Linked source remains final authority.,PUBLIC_USE,2026-09-12
NC,North Carolina,2,1600000US3755000,"Raleigh city, North Carolina",55000,481031,ACS_2024_5YR_B01003_PLACE_SUMLEV160,NAME_OVERLAP_TOP3_INCORPORATED,27609,1.469,35.831456,-78.639558,nearest_2026_gazetteer_zcta_to_place_internal_point,OK,NC0063,GREEN ROAD COMMUNITY LIBRARY,4.423,https://www.imls.gov/search-compare,IMLS_SEARCH_COMPARE_IDENTITY,indirect,Official IMLS Library Search & Compare tool. FY2024 PUD has no website field. User searches FSCS ID/name. Linked source remains final authority.,PUBLIC_USE,2026-09-12
NC,North Carolina,3,1600000US3728000,"Greensboro city, North Carolina",28000,301198,ACS_2024_5YR_B01003_PLACE_SUMLEV160,NAME_OVERLAP_TOP3_INCORPORATED,27408,1.324,36.09485,-79.823624,nearest_2026_gazetteer_zcta_to_place_internal_point,OK,NC0035,BLANCHE BENJAMIN BRANCH LIBRARY,1.167,https://www.imls.gov/search-compare,IMLS_SEARCH_COMPARE_IDENTITY,indirect,Official IMLS Library Search & Compare tool. FY2024 PUD has no website field. User searches FSCS ID/name. Linked source remains final authority.,PUBLIC_USE,2026-09-12
ND,North Dakota,1,1600000US3825700,"Fargo city, North Dakota",25700,131627,ACS_2024_5YR_B01003_PLACE_SUMLEV160,NAME_OVERLAP_TOP3_INCORPORATED,58103,1.055,46.86469,-96.829073,nearest_2026_gazetteer_zcta_to_place_internal_point,OK,ND0026,DR. JAMES W CARLSON LIBRARY,3.567,https://www.imls.gov/search-compare,IMLS_SEARCH_COMPARE_IDENTITY,indirect,Official IMLS Library Search & Compare tool. FY2024 PUD has no website field. User searches FSCS ID/name. Linked source remains final authority.,PUBLIC_USE,2026-09-12
ND,North Dakota,2,1600000US3807200,"Bismarck city, North Dakota",07200,75556,ACS_2024_5YR_B01003_PLACE_SUMLEV160,NAME_OVERLAP_TOP3_INCORPORATED,58505,1.07,46.815857,-100.768569,nearest_2026_gazetteer_zcta_to_place_internal_point,OK,ND0007,BISMARCK VETERANS MEMORIAL PUBLIC LIBRARY BOOKMOBILE,1.367,https://www.imls.gov/search-compare,IMLS_SEARCH_COMPARE_IDENTITY,indirect,Official IMLS Library Search & Compare tool. FY2024 PUD has no website field. User searches FSCS ID/name. Linked source remains final authority.,PUBLIC_USE,2026-09-12
ND,North Dakota,3,1600000US3832060,"Grand Forks city, North Dakota",32060,59042,ACS_2024_5YR_B01003_PLACE_SUMLEV160,NAME_OVERLAP_TOP3_INCORPORATED,58202,0.934,47.919595,-97.087328,nearest_2026_gazetteer_zcta_to_place_internal_point,OK,ND0035,GRAND FORKS PUBLIC LIBRARY,3.757,https://www.imls.gov/search-compare,IMLS_SEARCH_COMPARE_IDENTITY,indirect,Official IMLS Library Search & Compare tool. FY2024 PUD has no website field. User searches FSCS ID/name. Linked source remains final authority.,PUBLIC_USE,2026-09-12
NE,Nebraska,1,1600000US3137000,"Omaha city, Nebraska",37000,488837,ACS_2024_5YR_B01003_PLACE_SUMLEV160,NAME_OVERLAP_TOP3_INCORPORATED,68114,0.804,41.264013,-96.056496,nearest_2026_gazetteer_zcta_to_place_internal_point,OK,NE0162,W CLARKE SWANSON BRANCH LIBRARY,0.272,https://www.imls.gov/search-compare,IMLS_SEARCH_COMPARE_IDENTITY,indirect,Official IMLS Library Search & Compare tool. FY2024 PUD has no website field. User searches FSCS ID/name. Linked source remains final authority.,PUBLIC_USE,2026-09-12
NE,Nebraska,2,1600000US3128000,"Lincoln city, Nebraska",28000,294856,ACS_2024_5YR_B01003_PLACE_SUMLEV160,NAME_OVERLAP_TOP3_INCORPORATED,68503,1.58,40.810284,-96.674856,nearest_2026_gazetteer_zcta_to_place_internal_point,OK,NE0126,SOUTH BRANCH LIBRARY,2.18,https://www.imls.gov/search-compare,IMLS_SEARCH_COMPARE_IDENTITY,indirect,Official IMLS Library Search & Compare tool. FY2024 PUD has no website field. User searches FSCS ID/name. Linked source remains final authority.,PUBLIC_USE,2026-09-12
NE,Nebraska,3,1600000US3103950,"Bellevue city, Nebraska",03950,64510,ACS_2024_5YR_B01003_PLACE_SUMLEV160,NAME_OVERLAP_TOP3_INCORPORATED,68056,2.88,41.144659,-95.938505,nearest_2026_gazetteer_zcta_to_place_internal_point,OK,NE0028,BELLEVUE PUBLIC LIBRARY,1.811,https://www.imls.gov/search-compare,IMLS_SEARCH_COMPARE_IDENTITY,indirect,Official IMLS Library Search & Compare tool. FY2024 PUD has no website field. User searches FSCS ID/name. Linked source remains final authority.,PUBLIC_USE,2026-09-12
NH,New Hampshire,1,1600000US3345140,"Manchester city, New Hampshire",45140,115643,ACS_2024_5YR_B01003_PLACE_SUMLEV160,NAME_OVERLAP_TOP3_INCORPORATED,03101,1.845,42.984941,-71.444131,nearest_2026_gazetteer_zcta_to_place_internal_point,OK,NH0035,MANCHESTER CITY LIBRARY,1.478,https://www.imls.gov/search-compare,IMLS_SEARCH_COMPARE_IDENTITY,indirect,Official IMLS Library Search & Compare tool. FY2024 PUD has no website field. User searches FSCS ID/name. Linked source remains final authority.,PUBLIC_USE,2026-09-12
NH,New Hampshire,2,1600000US3350260,"Nashua city, New Hampshire",50260,91294,ACS_2024_5YR_B01003_PLACE_SUMLEV160,NAME_OVERLAP_TOP3_INCORPORATED,03060,2.781,42.749074,-71.490544,nearest_2026_gazetteer_zcta_to_place_internal_point,OK,NH0049,NASHUA PUBLIC LIBRARY,2.598,https://www.imls.gov/search-compare,IMLS_SEARCH_COMPARE_IDENTITY,indirect,Official IMLS Library Search & Compare tool. FY2024 PUD has no website field. User searches FSCS ID/name. Linked source remains final authority.,PUBLIC_USE,2026-09-12
NH,New Hampshire,3,1600000US3314200,"Concord city, New Hampshire",14200,44375,ACS_2024_5YR_B01003_PLACE_SUMLEV160,NAME_OVERLAP_TOP3_INCORPORATED,03301,0.789,43.232493,-71.561252,nearest_2026_gazetteer_zcta_to_place_internal_point,OK,NH0167,CONCORD PUBLIC LIBRARY,3.338,https://www.imls.gov/search-compare,IMLS_SEARCH_COMPARE_IDENTITY,indirect,Official IMLS Library Search & Compare tool. FY2024 PUD has no website field. User searches FSCS ID/name. Linked source remains final authority.,PUBLIC_USE,2026-09-12
NJ,New Jersey,1,1600000US3451000,"Newark city, New Jersey",51000,310178,ACS_2024_5YR_B01003_PLACE_SUMLEV160,NAME_OVERLAP_TOP3_INCORPORATED,07102,1.241,40.72422,-74.172574,nearest_2026_gazetteer_zcta_to_place_internal_point,OK,NJ0122,VAN BUREN BRANCH,1.33,https://www.imls.gov/search-compare,IMLS_SEARCH_COMPARE_IDENTITY,indirect,Official IMLS Library Search & Compare tool. FY2024 PUD has no website field. User searches FSCS ID/name. Linked source remains final authority.,PUBLIC_USE,2026-09-12
NJ,New Jersey,2,1600000US3436000,"Jersey City city, New Jersey",36000,294078,ACS_2024_5YR_B01003_PLACE_SUMLEV160,NAME_OVERLAP_TOP3_INCORPORATED,07304,1.176,40.711417,-74.06476,nearest_2026_gazetteer_zcta_to_place_internal_point,OK,NJ0149,COMMUNIPAW BRANCH,0.673,https://www.imls.gov/search-compare,IMLS_SEARCH_COMPARE_IDENTITY,indirect,Official IMLS Library Search & Compare tool. FY2024 PUD has no website field. User searches FSCS ID/name. Linked source remains final authority.,PUBLIC_USE,2026-09-12
NJ,New Jersey,3,1600000US3457000,"Paterson city, New Jersey",57000,158735,ACS_2024_5YR_B01003_PLACE_SUMLEV160,NAME_OVERLAP_TOP3_INCORPORATED,07501,0.75,40.914766,-74.162829,nearest_2026_gazetteer_zcta_to_place_internal_point,OK,NJ0262,PATERSON FREE PUBLIC LIBRARY,0.447,https://www.imls.gov/search-compare,IMLS_SEARCH_COMPARE_IDENTITY,indirect,Official IMLS Library Search & Compare tool. FY2024 PUD has no website field. User searches FSCS ID/name. Linked source remains final authority.,PUBLIC_USE,2026-09-12
NM,New Mexico,1,1600000US3502000,"Albuquerque city, New Mexico",02000,562218,ACS_2024_5YR_B01003_PLACE_SUMLEV160,NAME_OVERLAP_TOP3_INCORPORATED,87101,0.952,35.10478,-106.646809,nearest_2026_gazetteer_zcta_to_place_internal_point,OK,NM0002,ALBUQUERQUE/BERNALILLO COUNTY MAIN LIBRARY,2.189,https://www.imls.gov/search-compare,IMLS_SEARCH_COMPARE_IDENTITY,indirect,Official IMLS Library Search & Compare tool. FY2024 PUD has no website field. User searches FSCS ID/name. Linked source remains final authority.,PUBLIC_USE,2026-09-12
NM,New Mexico,2,1600000US3539380,"Las Cruces city, New Mexico",39380,114197,ACS_2024_5YR_B01003_PLACE_SUMLEV160,NAME_OVERLAP_TOP3_INCORPORATED,88001,5.295,32.326444,-106.789695,nearest_2026_gazetteer_zcta_to_place_internal_point,OK,NM0022,THOMAS BRANIGAN MEMORIAL LIBRARY,1.532,https://www.imls.gov/search-compare,IMLS_SEARCH_COMPARE_IDENTITY,indirect,Official IMLS Library Search & Compare tool. FY2024 PUD has no website field. User searches FSCS ID/name. Linked source remains final authority.,PUBLIC_USE,2026-09-12
NM,New Mexico,3,1600000US3563460,"Rio Rancho city, New Mexico",63460,108515,ACS_2024_5YR_B01003_PLACE_SUMLEV160,NAME_OVERLAP_TOP3_INCORPORATED,87144,5.118,35.28507,-106.698867,nearest_2026_gazetteer_zcta_to_place_internal_point,OK,NM0030,LOMA COLORADO MAIN LIBRARY,3.656,https://www.imls.gov/search-compare,IMLS_SEARCH_COMPARE_IDENTITY,indirect,Official IMLS Library Search & Compare tool. FY2024 PUD has no website field. User searches FSCS ID/name. Linked source remains final authority.,PUBLIC_USE,2026-09-12
NV,Nevada,1,1600000US3240000,"Las Vegas city, Nevada",40000,660400,ACS_2024_5YR_B01003_PLACE_SUMLEV160,NAME_OVERLAP_TOP3_INCORPORATED,89129,2.352,36.233499,-115.264037,nearest_2026_gazetteer_zcta_to_place_internal_point,OK,NV0008,RAINBOW LIBRARY,1.836,https://www.imls.gov/search-compare,IMLS_SEARCH_COMPARE_IDENTITY,indirect,Official IMLS Library Search & Compare tool. FY2024 PUD has no website field. User searches FSCS ID/name. Linked source remains final authority.,PUBLIC_USE,2026-09-12
NV,Nevada,2,1600000US3231900,"Henderson city, Nevada",31900,332141,ACS_2024_5YR_B01003_PLACE_SUMLEV160,NAME_OVERLAP_TOP3_INCORPORATED,89012,1.96,36.0056,-115.022812,nearest_2026_gazetteer_zcta_to_place_internal_point,OK,NV0012,GIBSON LIBRARY,4.877,https://www.imls.gov/search-compare,IMLS_SEARCH_COMPARE_IDENTITY,indirect,Official IMLS Library Search & Compare tool. FY2024 PUD has no website field. User searches FSCS ID/name. Linked source remains final authority.,PUBLIC_USE,2026-09-12
NV,Nevada,3,1600000US3251800,"North Las Vegas city, Nevada",51800,278595,ACS_2024_5YR_B01003_PLACE_SUMLEV160,NAME_OVERLAP_TOP3_INCORPORATED,89086,1.989,36.289865,-115.089181,nearest_2026_gazetteer_zcta_to_place_internal_point,OK,NV0018,ALIANTE LIBRARY,7.763,https://www.imls.gov/search-compare,IMLS_SEARCH_COMPARE_IDENTITY,indirect,Official IMLS Library Search & Compare tool. FY2024 PUD has no website field. User searches FSCS ID/name. Linked source remains final authority.,PUBLIC_USE,2026-09-12
NY,New York,1,1600000US3651000,"New York city, New York",51000,8483844,ACS_2024_5YR_B01003_PLACE_SUMLEV160,NAME_OVERLAP_TOP3_INCORPORATED,11213,0.961,40.662712,-73.938677,nearest_2026_gazetteer_zcta_to_place_internal_point,OK,NY0004,EASTERN PARKWAY,0.787,https://www.nysl.nysed.gov/,STATE_LIBRARY_HOME_HANDOFF,indirect,New York State Library official homepage.,PUBLIC_USE,2026-09-12
NY,New York,2,1600000US3611000,"Buffalo city, New York",11000,276854,ACS_2024_5YR_B01003_PLACE_SUMLEV160,NAME_OVERLAP_TOP3_INCORPORATED,14204,1.204,42.892492,-78.859686,nearest_2026_gazetteer_zcta_to_place_internal_point,OK,NY0005,BUFFALO & ERIE COUNTY PUBLIC LIBRARY SYSTEM,1.327,https://www.nysl.nysed.gov/,STATE_LIBRARY_HOME_HANDOFF,indirect,New York State Library official homepage.,PUBLIC_USE,2026-09-12
NY,New York,3,1600000US3684000,"Yonkers city, New York",84000,209978,ACS_2024_5YR_B01003_PLACE_SUMLEV160,NAME_OVERLAP_TOP3_INCORPORATED,10701,1.097,40.945862,-73.867446,nearest_2026_gazetteer_zcta_to_place_internal_point,OK,NY0761,GRINTON I. WILL BRANCH,2.013,https://www.nysl.nysed.gov/,STATE_LIBRARY_HOME_HANDOFF,indirect,New York State Library official homepage.,PUBLIC_USE,2026-09-12
OH,Ohio,1,1600000US3918000,"Columbus city, Ohio",18000,914802,ACS_2024_5YR_B01003_PLACE_SUMLEV160,NAME_OVERLAP_TOP3_INCORPORATED,43201,1.416,39.987367,-82.98518,nearest_2026_gazetteer_zcta_to_place_internal_point,OK,OH0057,NORTHSIDE BRANCH LIBRARY,1.888,https://www.imls.gov/search-compare,IMLS_SEARCH_COMPARE_IDENTITY,indirect,Official IMLS Library Search & Compare tool. FY2024 PUD has no website field. User searches FSCS ID/name. Linked source remains final authority.,PUBLIC_USE,2026-09-12
OH,Ohio,2,1600000US3916000,"Cleveland city, Ohio",16000,366097,ACS_2024_5YR_B01003_PLACE_SUMLEV160,NAME_OVERLAP_TOP3_INCORPORATED,44101,1.423,41.478462,-81.679435,nearest_2026_gazetteer_zcta_to_place_internal_point,OK,OH0051,JEFFERSON BRANCH LIBRARY,0.502,https://www.imls.gov/search-compare,IMLS_SEARCH_COMPARE_IDENTITY,indirect,Official IMLS Library Search & Compare tool. FY2024 PUD has no website field. User searches FSCS ID/name. Linked source remains final authority.,PUBLIC_USE,2026-09-12
OH,Ohio,3,1600000US3915000,"Cincinnati city, Ohio",15000,311224,ACS_2024_5YR_B01003_PLACE_SUMLEV160,NAME_OVERLAP_TOP3_INCORPORATED,45267,0.328,39.140183,-84.505829,nearest_2026_gazetteer_zcta_to_place_internal_point,OK,OH0049,CLIFTON,0.863,https://www.imls.gov/search-compare,IMLS_SEARCH_COMPARE_IDENTITY,indirect,Official IMLS Library Search & Compare tool. FY2024 PUD has no website field. User searches FSCS ID/name. Linked source remains final authority.,PUBLIC_USE,2026-09-12
OK,Oklahoma,1,1600000US4055000,"Oklahoma City city, Oklahoma",55000,697125,ACS_2024_5YR_B01003_PLACE_SUMLEV160,NAME_OVERLAP_TOP3_INCORPORATED,73102,0.632,35.467079,-97.513657,nearest_2026_gazetteer_zcta_to_place_internal_point,OK,OK0074,RONALD J NORICK DOWNTOWN LIBRARY,0.498,https://www.imls.gov/search-compare,IMLS_SEARCH_COMPARE_IDENTITY,indirect,Official IMLS Library Search & Compare tool. FY2024 PUD has no website field. User searches FSCS ID/name. Linked source remains final authority.,PUBLIC_USE,2026-09-12
OK,Oklahoma,2,1600000US4075000,"Tulsa city, Oklahoma",75000,413794,ACS_2024_5YR_B01003_PLACE_SUMLEV160,NAME_OVERLAP_TOP3_INCORPORATED,74112,2.122,36.127949,-95.902316,nearest_2026_gazetteer_zcta_to_place_internal_point,OK,OK0093,NATHAN HALE LIBRARY,0.353,https://www.imls.gov/search-compare,IMLS_SEARCH_COMPARE_IDENTITY,indirect,Official IMLS Library Search & Compare tool. FY2024 PUD has no website field. User searches FSCS ID/name. Linked source remains final authority.,PUBLIC_USE,2026-09-12
OK,Oklahoma,3,1600000US4052500,"Norman city, Oklahoma",52500,129672,ACS_2024_5YR_B01003_PLACE_SUMLEV160,NAME_OVERLAP_TOP3_INCORPORATED,73071,5.972,35.240569,-97.345299,nearest_2026_gazetteer_zcta_to_place_internal_point,OK,OK0070,NORMAN PUBLIC LIBRARY (EAST),5.191,https://www.imls.gov/search-compare,IMLS_SEARCH_COMPARE_IDENTITY,indirect,Official IMLS Library Search & Compare tool. FY2024 PUD has no website field. User searches FSCS ID/name. Linked source remains final authority.,PUBLIC_USE,2026-09-12
OR,Oregon,1,1600000US4159000,"Portland city, Oregon",59000,641165,ACS_2024_5YR_B01003_PLACE_SUMLEV160,NAME_OVERLAP_TOP3_INCORPORATED,97212,0.966,45.536951,-122.649971,nearest_2026_gazetteer_zcta_to_place_internal_point,OK,OR0063,CENTRAL LIBRARY,0.898,https://www.imls.gov/search-compare,IMLS_SEARCH_COMPARE_IDENTITY,indirect,Official IMLS Library Search & Compare tool. FY2024 PUD has no website field. User searches FSCS ID/name. Linked source remains final authority.,PUBLIC_USE,2026-09-12
OR,Oregon,2,1600000US4123850,"Eugene city, Oregon",23850,179591,ACS_2024_5YR_B01003_PLACE_SUMLEV160,NAME_OVERLAP_TOP3_INCORPORATED,97401,3.341,44.056848,-123.119019,nearest_2026_gazetteer_zcta_to_place_internal_point,OK,OR0005,EUGENE PUBLIC LIBRARY,2.124,https://www.imls.gov/search-compare,IMLS_SEARCH_COMPARE_IDENTITY,indirect,Official IMLS Library Search & Compare tool. FY2024 PUD has no website field. User searches FSCS ID/name. Linked source remains final authority.,PUBLIC_USE,2026-09-12
OR,Oregon,3,1600000US4164900,"Salem city, Oregon",64900,178865,ACS_2024_5YR_B01003_PLACE_SUMLEV160,NAME_OVERLAP_TOP3_INCORPORATED,97301,3.375,44.9239,-123.023007,nearest_2026_gazetteer_zcta_to_place_internal_point,OK,OR0069,SALEM PUBLIC LIBRARY,1.893,https://www.imls.gov/search-compare,IMLS_SEARCH_COMPARE_IDENTITY,indirect,Official IMLS Library Search & Compare tool. FY2024 PUD has no website field. User searches FSCS ID/name. Linked source remains final authority.,PUBLIC_USE,2026-09-12
PA,Pennsylvania,1,1600000US4260000,"Philadelphia city, Pennsylvania",60000,1579706,ACS_2024_5YR_B01003_PLACE_SUMLEV160,NAME_OVERLAP_TOP3_INCORPORATED,19140,1.059,40.009297,-75.133271,nearest_2026_gazetteer_zcta_to_place_internal_point,OK,PA0385,NICETOWN-TIOGA BRANCH LIBRARY,1.522,https://www.imls.gov/search-compare,IMLS_SEARCH_COMPARE_IDENTITY,indirect,Official IMLS Library Search & Compare tool. FY2024 PUD has no website field. User searches FSCS ID/name. Linked source remains final authority.,PUBLIC_USE,2026-09-12
PA,Pennsylvania,2,1600000US4261000,"Pittsburgh city, Pennsylvania",61000,304759,ACS_2024_5YR_B01003_PLACE_SUMLEV160,NAME_OVERLAP_TOP3_INCORPORATED,15219,0.796,40.439892,-79.975472,nearest_2026_gazetteer_zcta_to_place_internal_point,OK,PA0042,HILL DISTRICT LIBRARY,0.613,https://www.imls.gov/search-compare,IMLS_SEARCH_COMPARE_IDENTITY,indirect,Official IMLS Library Search & Compare tool. FY2024 PUD has no website field. User searches FSCS ID/name. Linked source remains final authority.,PUBLIC_USE,2026-09-12
PA,Pennsylvania,3,1600000US4202000,"Allentown city, Pennsylvania",02000,125976,ACS_2024_5YR_B01003_PLACE_SUMLEV160,NAME_OVERLAP_TOP3_INCORPORATED,18101,1.303,40.593648,-75.478393,nearest_2026_gazetteer_zcta_to_place_internal_point,OK,PA0301,ALLENTOWN PUBLIC LIBRARY,0.706,https://www.imls.gov/search-compare,IMLS_SEARCH_COMPARE_IDENTITY,indirect,Official IMLS Library Search & Compare tool. FY2024 PUD has no website field. User searches FSCS ID/name. Linked source remains final authority.,PUBLIC_USE,2026-09-12
RI,Rhode Island,1,1600000US4459000,"Providence city, Rhode Island",59000,191767,ACS_2024_5YR_B01003_PLACE_SUMLEV160,NAME_OVERLAP_TOP3_INCORPORATED,02903,0.82,41.823056,-71.418784,nearest_2026_gazetteer_zcta_to_place_internal_point,OK,RI0036,PROVIDENCE PUBLIC LIBRARY,0.204,https://www.imls.gov/search-compare,IMLS_SEARCH_COMPARE_IDENTITY,indirect,Official IMLS Library Search & Compare tool. FY2024 PUD has no website field. User searches FSCS ID/name. Linked source remains final authority.,PUBLIC_USE,2026-09-12
RI,Rhode Island,2,1600000US4419180,"Cranston city, Rhode Island",19180,83250,ACS_2024_5YR_B01003_PLACE_SUMLEV160,NAME_OVERLAP_TOP3_INCORPORATED,02920,1.642,41.769734,-71.485049,nearest_2026_gazetteer_zcta_to_place_internal_point,OK,RI0010,KNIGHTSVILLE BRANCH,1.798,https://www.imls.gov/search-compare,IMLS_SEARCH_COMPARE_IDENTITY,indirect,Official IMLS Library Search & Compare tool. FY2024 PUD has no website field. User searches FSCS ID/name. Linked source remains final authority.,PUBLIC_USE,2026-09-12
RI,Rhode Island,3,1600000US4474300,"Warwick city, Rhode Island",74300,83175,ACS_2024_5YR_B01003_PLACE_SUMLEV160,NAME_OVERLAP_TOP3_INCORPORATED,02886,2.948,41.703092,-71.420155,nearest_2026_gazetteer_zcta_to_place_internal_point,OK,RI0046,WARWICK PUBLIC LIBRARY,1.702,https://www.imls.gov/search-compare,IMLS_SEARCH_COMPARE_IDENTITY,indirect,Official IMLS Library Search & Compare tool. FY2024 PUD has no website field. User searches FSCS ID/name. Linked source remains final authority.,PUBLIC_USE,2026-09-12
SC,South Carolina,1,1600000US4513330,"Charleston city, South Carolina",13330,154338,ACS_2024_5YR_B01003_PLACE_SUMLEV160,NAME_OVERLAP_TOP3_INCORPORATED,29405,2.652,32.828017,-79.972896,nearest_2026_gazetteer_zcta_to_place_internal_point,OK,SC0009,KEITH SUMMEY NORTH CHARLESTON LIBRARY,3.25,https://www.imls.gov/search-compare,IMLS_SEARCH_COMPARE_IDENTITY,indirect,Official IMLS Library Search & Compare tool. FY2024 PUD has no website field. User searches FSCS ID/name. Linked source remains final authority.,PUBLIC_USE,2026-09-12
SC,South Carolina,2,1600000US4516000,"Columbia city, South Carolina",16000,139643,ACS_2024_5YR_B01003_PLACE_SUMLEV160,NAME_OVERLAP_TOP3_INCORPORATED,29207,4.805,34.040326,-80.898071,nearest_2026_gazetteer_zcta_to_place_internal_point,OK,SC0035,RICHLAND LIBRARY COOPER,6.634,https://www.imls.gov/search-compare,IMLS_SEARCH_COMPARE_IDENTITY,indirect,Official IMLS Library Search & Compare tool. FY2024 PUD has no website field. User searches FSCS ID/name. Linked source remains final authority.,PUBLIC_USE,2026-09-12
SC,South Carolina,3,1600000US4550875,"North Charleston city, South Carolina",50875,119913,ACS_2024_5YR_B01003_PLACE_SUMLEV160,NAME_OVERLAP_TOP3_INCORPORATED,29404,2.469,32.917188,-80.065424,nearest_2026_gazetteer_zcta_to_place_internal_point,OK,SC0006,BERKELEY COUNTY LIBRARY: HANAHAN,4.182,https://www.imls.gov/search-compare,IMLS_SEARCH_COMPARE_IDENTITY,indirect,Official IMLS Library Search & Compare tool. FY2024 PUD has no website field. User searches FSCS ID/name. Linked source remains final authority.,PUBLIC_USE,2026-09-12
SD,South Dakota,1,1600000US4659020,"Sioux Falls city, South Dakota",59020,201469,ACS_2024_5YR_B01003_PLACE_SUMLEV160,NAME_OVERLAP_TOP3_INCORPORATED,57197,1.874,43.540696,-96.731962,nearest_2026_gazetteer_zcta_to_place_internal_point,OK,SD0141,SIOUXLAND LIBRARIES,0.969,https://www.imls.gov/search-compare,IMLS_SEARCH_COMPARE_IDENTITY,indirect,Official IMLS Library Search & Compare tool. FY2024 PUD has no website field. User searches FSCS ID/name. Linked source remains final authority.,PUBLIC_USE,2026-09-12
SD,South Dakota,2,1600000US4652980,"Rapid City city, South Dakota",52980,77946,ACS_2024_5YR_B01003_PLACE_SUMLEV160,NAME_OVERLAP_TOP3_INCORPORATED,57701,5.799,44.071071,-103.217924,nearest_2026_gazetteer_zcta_to_place_internal_point,OK,SD0112,RAPID CITY PUBLIC LIBRARY,1.194,https://www.imls.gov/search-compare,IMLS_SEARCH_COMPARE_IDENTITY,indirect,Official IMLS Library Search & Compare tool. FY2024 PUD has no website field. User searches FSCS ID/name. Linked source remains final authority.,PUBLIC_USE,2026-09-12
SD,South Dakota,3,1600000US4600100,"Aberdeen city, South Dakota",00100,28189,ACS_2024_5YR_B01003_PLACE_SUMLEV160,NAME_OVERLAP_TOP3_INCORPORATED,57401,5.253,45.46515,-98.469782,nearest_2026_gazetteer_zcta_to_place_internal_point,OK,SD0077,K.O. LEE ABERDEEN PUBLIC LIBRARY,1.227,https://www.imls.gov/search-compare,IMLS_SEARCH_COMPARE_IDENTITY,indirect,Official IMLS Library Search & Compare tool. FY2024 PUD has no website field. User searches FSCS ID/name. Linked source remains final authority.,PUBLIC_USE,2026-09-12
TN,Tennessee,1,1600000US4752006,"Nashville-Davidson metropolitan government (balance), Tennessee",52006,690130,ACS_2024_5YR_B01003_PLACE_SUMLEV160,NAME_OVERLAP_TOP3_INCORPORATED,37219,0.672,36.172178,-86.784602,nearest_2026_gazetteer_zcta_to_place_internal_point,OK,TN0135,NORTH BRANCH LIBRARY,1.047,https://www.imls.gov/search-compare,IMLS_SEARCH_COMPARE_IDENTITY,indirect,Official IMLS Library Search & Compare tool. FY2024 PUD has no website field. User searches FSCS ID/name. Linked source remains final authority.,PUBLIC_USE,2026-09-12
TN,Tennessee,2,1600000US4748000,"Memphis city, Tennessee",48000,618980,ACS_2024_5YR_B01003_PLACE_SUMLEV160,NAME_OVERLAP_TOP3_INCORPORATED,38114,2.123,35.109164,-89.968511,nearest_2026_gazetteer_zcta_to_place_internal_point,OK,TN0134,ORANGE MOUND LIBRARY AND GENEALOGY CENTER,0.624,https://www.imls.gov/search-compare,IMLS_SEARCH_COMPARE_IDENTITY,indirect,Official IMLS Library Search & Compare tool. FY2024 PUD has no website field. User searches FSCS ID/name. Linked source remains final authority.,PUBLIC_USE,2026-09-12
TN,Tennessee,3,1600000US4740000,"Knoxville city, Tennessee",40000,195185,ACS_2024_5YR_B01003_PLACE_SUMLEV160,NAME_OVERLAP_TOP3_INCORPORATED,37916,2.467,35.97068,-83.94927,nearest_2026_gazetteer_zcta_to_place_internal_point,OK,TN0133,MURPHY BRANCH LIBRARY,0.263,https://www.imls.gov/search-compare,IMLS_SEARCH_COMPARE_IDENTITY,indirect,Official IMLS Library Search & Compare tool. FY2024 PUD has no website field. User searches FSCS ID/name. Linked source remains final authority.,PUBLIC_USE,2026-09-12
TX,Texas,1,1600000US4835000,"Houston city, Texas",35000,2328253,ACS_2024_5YR_B01003_PLACE_SUMLEV160,NAME_OVERLAP_TOP3_INCORPORATED,77009,2.309,29.785743,-95.388806,nearest_2026_gazetteer_zcta_to_place_internal_point,OK,TX0099,HEIGHTS NEIGHBORHOOD LIBRARY,1.31,https://www.tsl.texas.gov/,STATE_LIBRARY_HOME_HANDOFF,indirect,Texas State Library and Archives Commission official homepage.,PUBLIC_USE,2026-09-12
TX,Texas,2,1600000US4865000,"San Antonio city, Texas",65000,1479835,ACS_2024_5YR_B01003_PLACE_SUMLEV160,NAME_OVERLAP_TOP3_INCORPORATED,78201,1.06,29.459775,-98.524263,nearest_2026_gazetteer_zcta_to_place_internal_point,OK,TX0263,SAN PEDRO BRANCH LIBRARY,2.823,https://www.tsl.texas.gov/,STATE_LIBRARY_HOME_HANDOFF,indirect,Texas State Library and Archives Commission official homepage.,PUBLIC_USE,2026-09-12
TX,Texas,3,1600000US4819000,"Dallas city, Texas",19000,1307930,ACS_2024_5YR_B01003_PLACE_SUMLEV160,NAME_OVERLAP_TOP3_INCORPORATED,75246,0.592,32.793333,-96.766513,nearest_2026_gazetteer_zcta_to_place_internal_point,OK,TX0003,LAKEWOOD BRANCH LIBRARY,2.215,https://www.tsl.texas.gov/,STATE_LIBRARY_HOME_HANDOFF,indirect,Texas State Library and Archives Commission official homepage.,PUBLIC_USE,2026-09-12
UT,Utah,1,1600000US4967000,"Salt Lake City city, Utah",67000,208007,ACS_2024_5YR_B01003_PLACE_SUMLEV160,NAME_OVERLAP_TOP3_INCORPORATED,84180,2.27,40.775366,-111.927266,nearest_2026_gazetteer_zcta_to_place_internal_point,OK,UT0048,SALT LAKE CITY PUBLIC LIBRARY DAY-RIVERSIDE BRANCH,1.886,https://www.imls.gov/search-compare,IMLS_SEARCH_COMPARE_IDENTITY,indirect,Official IMLS Library Search & Compare tool. FY2024 PUD has no website field. User searches FSCS ID/name. Linked source remains final authority.,PUBLIC_USE,2026-09-12
UT,Utah,2,1600000US4983470,"West Valley City city, Utah",83470,138437,ACS_2024_5YR_B01003_PLACE_SUMLEV160,NAME_OVERLAP_TOP3_INCORPORATED,84120,1.256,40.688493,-112.011759,nearest_2026_gazetteer_zcta_to_place_internal_point,OK,UT0049,HUNTER LIBRARY,0.98,https://www.imls.gov/search-compare,IMLS_SEARCH_COMPARE_IDENTITY,indirect,Official IMLS Library Search & Compare tool. FY2024 PUD has no website field. User searches FSCS ID/name. Linked source remains final authority.,PUBLIC_USE,2026-09-12
UT,Utah,3,1600000US4982950,"West Jordan city, Utah",82950,116692,ACS_2024_5YR_B01003_PLACE_SUMLEV160,NAME_OVERLAP_TOP3_INCORPORATED,84081,3.099,40.602862,-112.001544,nearest_2026_gazetteer_zcta_to_place_internal_point,OK,UT0049,BINGHAM CREEK LIBRARY,1.7,https://www.imls.gov/search-compare,IMLS_SEARCH_COMPARE_IDENTITY,indirect,Official IMLS Library Search & Compare tool. FY2024 PUD has no website field. User searches FSCS ID/name. Linked source remains final authority.,PUBLIC_USE,2026-09-12
VA,Virginia,1,1600000US5182000,"Virginia Beach city, Virginia",82000,456349,ACS_2024_5YR_B01003_PLACE_SUMLEV160,NAME_OVERLAP_TOP3_INCORPORATED,23453,3.839,36.779113,-76.02845,nearest_2026_gazetteer_zcta_to_place_internal_point,OK,VA0082,PRINCESS ANNE AREA LIBRARY,1.852,https://www.imls.gov/search-compare,IMLS_SEARCH_COMPARE_IDENTITY,indirect,Official IMLS Library Search & Compare tool. FY2024 PUD has no website field. User searches FSCS ID/name. Linked source remains final authority.,PUBLIC_USE,2026-09-12
VA,Virginia,2,1600000US5116000,"Chesapeake city, Virginia",16000,252583,ACS_2024_5YR_B01003_PLACE_SUMLEV160,NAME_OVERLAP_TOP3_INCORPORATED,23322,6.667,36.679376,-76.301788,nearest_2026_gazetteer_zcta_to_place_internal_point,OK,VA0017,CHESAPEAKE CENTRAL LIBRARY,6.231,https://www.imls.gov/search-compare,IMLS_SEARCH_COMPARE_IDENTITY,indirect,Official IMLS Library Search & Compare tool. FY2024 PUD has no website field. User searches FSCS ID/name. Linked source remains final authority.,PUBLIC_USE,2026-09-12
VA,Virginia,3,1600000US5103000,"Arlington CDP, Virginia",03000,236254,ACS_2024_5YR_B01003_PLACE_SUMLEV160,DIFFERS_FROM_TOP3_INCORPORATED,22201,1.063,38.878337,-77.100703,nearest_2026_gazetteer_zcta_to_place_internal_point,OK,VA0005,CENTRAL LIBRARY,0.851,https://www.imls.gov/search-compare,IMLS_SEARCH_COMPARE_IDENTITY,indirect,Official IMLS Library Search & Compare tool. FY2024 PUD has no website field. User searches FSCS ID/name. Linked source remains final authority.,PUBLIC_USE,2026-09-12
VT,Vermont,1,1600000US5010675,"Burlington city, Vermont",10675,44675,ACS_2024_5YR_B01003_PLACE_SUMLEV160,NAME_OVERLAP_TOP3_INCORPORATED,05401,2.569,44.492373,-73.239498,nearest_2026_gazetteer_zcta_to_place_internal_point,OK,VT0029,FLETCHER FREE - NEW NORTH END BRANCH,1.648,https://www.imls.gov/search-compare,IMLS_SEARCH_COMPARE_IDENTITY,indirect,Official IMLS Library Search & Compare tool. FY2024 PUD has no website field. User searches FSCS ID/name. Linked source remains final authority.,PUBLIC_USE,2026-09-12
VT,Vermont,2,1600000US5066175,"South Burlington city, Vermont",66175,20756,ACS_2024_5YR_B01003_PLACE_SUMLEV160,NAME_OVERLAP_TOP3_INCORPORATED,05403,1.104,44.436565,-73.181103,nearest_2026_gazetteer_zcta_to_place_internal_point,OK,VT0145,SOUTH BURLINGTON,2.03,https://www.imls.gov/search-compare,IMLS_SEARCH_COMPARE_IDENTITY,indirect,Official IMLS Library Search & Compare tool. FY2024 PUD has no website field. User searches FSCS ID/name. Linked source remains final authority.,PUBLIC_USE,2026-09-12
VT,Vermont,3,1600000US5061225,"Rutland city, Vermont",61225,15712,ACS_2024_5YR_B01003_PLACE_SUMLEV160,NAME_OVERLAP_TOP3_INCORPORATED,05736,2.952,43.60967,-72.977788,nearest_2026_gazetteer_zcta_to_place_internal_point,OK,VT0133,RUTLAND FREE,0.327,https://www.imls.gov/search-compare,IMLS_SEARCH_COMPARE_IDENTITY,indirect,Official IMLS Library Search & Compare tool. FY2024 PUD has no website field. User searches FSCS ID/name. Linked source remains final authority.,PUBLIC_USE,2026-09-12
WA,Washington,1,1600000US5363000,"Seattle city, Washington",63000,754195,ACS_2024_5YR_B01003_PLACE_SUMLEV160,NAME_OVERLAP_TOP3_INCORPORATED,98121,0.466,47.619335,-122.351538,nearest_2026_gazetteer_zcta_to_place_internal_point,OK,WA0064,MOBILE SERVICES,1.126,https://www.imls.gov/search-compare,IMLS_SEARCH_COMPARE_IDENTITY,indirect,Official IMLS Library Search & Compare tool. FY2024 PUD has no website field. User searches FSCS ID/name. Linked source remains final authority.,PUBLIC_USE,2026-09-12
WA,Washington,2,1600000US5367000,"Spokane city, Washington",67000,230293,ACS_2024_5YR_B01003_PLACE_SUMLEV160,NAME_OVERLAP_TOP3_INCORPORATED,99201,0.557,47.666935,-117.433322,nearest_2026_gazetteer_zcta_to_place_internal_point,OK,WA0067,CENTRAL LIBRARY,1.06,https://www.imls.gov/search-compare,IMLS_SEARCH_COMPARE_IDENTITY,indirect,Official IMLS Library Search & Compare tool. FY2024 PUD has no website field. User searches FSCS ID/name. Linked source remains final authority.,PUBLIC_USE,2026-09-12
WA,Washington,3,1600000US5370000,"Tacoma city, Washington",70000,222758,ACS_2024_5YR_B01003_PLACE_SUMLEV160,NAME_OVERLAP_TOP3_INCORPORATED,98402,1.187,47.252199,-122.459832,nearest_2026_gazetteer_zcta_to_place_internal_point,OK,WA0068,MAIN BRANCH,1.166,https://www.imls.gov/search-compare,IMLS_SEARCH_COMPARE_IDENTITY,indirect,Official IMLS Library Search & Compare tool. FY2024 PUD has no website field. User searches FSCS ID/name. Linked source remains final authority.,PUBLIC_USE,2026-09-12
WI,Wisconsin,1,1600000US5553000,"Milwaukee city, Wisconsin",53000,566973,ACS_2024_5YR_B01003_PLACE_SUMLEV160,NAME_OVERLAP_TOP3_INCORPORATED,53210,0.845,43.063348,-87.966695,nearest_2026_gazetteer_zcta_to_place_internal_point,OK,WI0199,WASHINGTON PARK BRANCH,0.658,https://www.imls.gov/search-compare,IMLS_SEARCH_COMPARE_IDENTITY,indirect,Official IMLS Library Search & Compare tool. FY2024 PUD has no website field. User searches FSCS ID/name. Linked source remains final authority.,PUBLIC_USE,2026-09-12
WI,Wisconsin,2,1600000US5548000,"Madison city, Wisconsin",48000,278001,ACS_2024_5YR_B01003_PLACE_SUMLEV160,NAME_OVERLAP_TOP3_INCORPORATED,53792,1.185,43.087815,-89.429856,nearest_2026_gazetteer_zcta_to_place_internal_point,OK,WI0176,MONROE STREET LIBRARY,2.69,https://www.imls.gov/search-compare,IMLS_SEARCH_COMPARE_IDENTITY,indirect,Official IMLS Library Search & Compare tool. FY2024 PUD has no website field. User searches FSCS ID/name. Linked source remains final authority.,PUBLIC_USE,2026-09-12
WI,Wisconsin,3,1600000US5531000,"Green Bay city, Wisconsin",31000,106253,ACS_2024_5YR_B01003_PLACE_SUMLEV160,NAME_OVERLAP_TOP3_INCORPORATED,54302,1.845,44.521542,-87.986568,nearest_2026_gazetteer_zcta_to_place_internal_point,OK,WI0121,BROWN COUNTY LIBRARY,2.002,https://www.imls.gov/search-compare,IMLS_SEARCH_COMPARE_IDENTITY,indirect,Official IMLS Library Search & Compare tool. FY2024 PUD has no website field. User searches FSCS ID/name. Linked source remains final authority.,PUBLIC_USE,2026-09-12
WV,West Virginia,1,1600000US5414600,"Charleston city, West Virginia",14600,47421,ACS_2024_5YR_B01003_PLACE_SUMLEV160,NAME_OVERLAP_TOP3_INCORPORATED,25301,0.49,38.348692,-81.632324,nearest_2026_gazetteer_zcta_to_place_internal_point,OK,WV0009,KANAWHA COUNTY PUBLIC LIBRARY,0.297,https://www.imls.gov/search-compare,IMLS_SEARCH_COMPARE_IDENTITY,indirect,Official IMLS Library Search & Compare tool. FY2024 PUD has no website field. User searches FSCS ID/name. Linked source remains final authority.,PUBLIC_USE,2026-09-12
WV,West Virginia,2,1600000US5439460,"Huntington city, West Virginia",39460,45787,ACS_2024_5YR_B01003_PLACE_SUMLEV160,NAME_OVERLAP_TOP3_INCORPORATED,25755,1.658,38.40934,-82.433516,nearest_2026_gazetteer_zcta_to_place_internal_point,OK,WV0004,CABELL COUNTY PUBLIC LIBRARY,1.476,https://www.imls.gov/search-compare,IMLS_SEARCH_COMPARE_IDENTITY,indirect,Official IMLS Library Search & Compare tool. FY2024 PUD has no website field. User searches FSCS ID/name. Linked source remains final authority.,PUBLIC_USE,2026-09-12
WV,West Virginia,3,1600000US5455756,"Morgantown city, West Virginia",55756,30236,ACS_2024_5YR_B01003_PLACE_SUMLEV160,NAME_OVERLAP_TOP3_INCORPORATED,26505,1.734,39.637487,-79.946854,nearest_2026_gazetteer_zcta_to_place_internal_point,OK,WV0023,MORGANTOWN PUBLIC LIBRARY,1.042,https://www.imls.gov/search-compare,IMLS_SEARCH_COMPARE_IDENTITY,indirect,Official IMLS Library Search & Compare tool. FY2024 PUD has no website field. User searches FSCS ID/name. Linked source remains final authority.,PUBLIC_USE,2026-09-12
WY,Wyoming,1,1600000US5613900,"Cheyenne city, Wyoming",13900,65239,ACS_2024_5YR_B01003_PLACE_SUMLEV160,NAME_OVERLAP_TOP3_INCORPORATED,82005,6.096,41.128275,-104.799155,nearest_2026_gazetteer_zcta_to_place_internal_point,OK,WY0004,LARAMIE COUNTY LIBRARY SYSTEM - BOOKMOBILE,2.138,https://www.imls.gov/search-compare,IMLS_SEARCH_COMPARE_IDENTITY,indirect,Official IMLS Library Search & Compare tool. FY2024 PUD has no website field. User searches FSCS ID/name. Linked source remains final authority.,PUBLIC_USE,2026-09-12
WY,Wyoming,2,1600000US5613150,"Casper city, Wyoming",13150,58839,ACS_2024_5YR_B01003_PLACE_SUMLEV160,NAME_OVERLAP_TOP3_INCORPORATED,82644,4.295,42.84212,-106.321282,nearest_2026_gazetteer_zcta_to_place_internal_point,OK,WY0009,NATRONA COUNTY PUBLIC LIBRARY - BOOKMOBILE,0.732,https://www.imls.gov/search-compare,IMLS_SEARCH_COMPARE_IDENTITY,indirect,Official IMLS Library Search & Compare tool. FY2024 PUD has no website field. User searches FSCS ID/name. Linked source remains final authority.,PUBLIC_USE,2026-09-12
WY,Wyoming,3,1600000US5631855,"Gillette city, Wyoming",31855,33431,ACS_2024_5YR_B01003_PLACE_SUMLEV160,NAME_OVERLAP_TOP3_INCORPORATED,82727,24.668,44.27258,-105.498936,nearest_2026_gazetteer_zcta_to_place_internal_point,OK,WY0002,CAMPBELL COUNTY PUBLIC LIBRARY SYSTEM,0.923,https://www.imls.gov/search-compare,IMLS_SEARCH_COMPARE_IDENTITY,indirect,Official IMLS Library Search & Compare tool. FY2024 PUD has no website field. User searches FSCS ID/name. Linked source remains final authority.,PUBLIC_USE,2026-09-12
