filter_id,region,city_filter_name,state,is_key_city,geo_status,census_place_name,census_geoid,intpt_lat,intpt_lon,location_source,gnis_feature_id,representative_input_type,representative_zip,test_zcta,zcta_distance_km,imls_systems_city_match,imls_system_fscskeys,imls_outlets_city_match,nearest_outlet_fscskey,nearest_outlet_seq,nearest_outlet_name,nearest_outlet_city,nearest_outlet_zip,nearest_outlet_km,nearest_outlet_flag,ranking_basis,destination_url,destination_class,destination_handoff,destination_provenance,destination_rights,specialist_override_state,usefulness_completeness,product_route_eligible,hold_note,outlet_layer_role,rights,check_date,notes
01,Springfield / SWMO,Bolivar,MO,0,MATCHED_CENSUS_PLACE,Bolivar city,1600000US2906976,37.603518,-93.41673,CENSUS_2026_GAZETTEER_PLACE_INTPT,,ZIP,65613,65613,4.898,1,MO0181,1,MO0181,002,POLK COUNTY LIBRARY,BOLIVAR,65613,1.462,OK,nearest_active_imls_outlet_haversine_from_location_point_prefer_same_state,https://www.sos.mo.gov/library,STATE_LIBRARY_HOME_HANDOFF,indirect,Missouri Secretary of State State Library Division official page.,PUBLIC_USE,generic_fallback,COMPLETE,true,,supplement_not_identity_not_inventory,PUBLIC_USE,2026-09-12,
02,Springfield / SWMO,Cassville,MO,0,MATCHED_CENSUS_PLACE,Cassville city,1600000US2911890,36.678302,-93.868105,CENSUS_2026_GAZETTEER_PLACE_INTPT,,ZIP,65625,65625,4.626,0,,1,MO0038,003,CASSVILLE BRANCH LIBRARY,CASSVILLE,65625,1.094,OK,nearest_active_imls_outlet_haversine_from_location_point_prefer_same_state,https://www.sos.mo.gov/library,STATE_LIBRARY_HOME_HANDOFF,indirect,Missouri Secretary of State State Library Division official page.,PUBLIC_USE,generic_fallback,COMPLETE,true,,supplement_not_identity_not_inventory,PUBLIC_USE,2026-09-12,
03,Springfield / SWMO,Fair Grove,MO,0,MATCHED_CENSUS_PLACE,Fair Grove city,1600000US2923338,37.383321,-93.152154,CENSUS_2026_GAZETTEER_PLACE_INTPT,,ZIP,65648,65648,3.102,0,,1,MO0020,013,FAIR GROVE BRANCH LIBRARY,FAIR GROVE,65648,0.44,OK,nearest_active_imls_outlet_haversine_from_location_point_prefer_same_state,https://www.sos.mo.gov/library,STATE_LIBRARY_HOME_HANDOFF,indirect,Missouri Secretary of State State Library Division official page.,PUBLIC_USE,generic_fallback,COMPLETE,true,,supplement_not_identity_not_inventory,PUBLIC_USE,2026-09-12,
04,Springfield / SWMO,Marshfield,MO,0,MATCHED_CENSUS_PLACE,Marshfield city,1600000US2946388,37.342202,-92.911043,CENSUS_2026_GAZETTEER_PLACE_INTPT,,ZIP,65706,65706,2.42,1,MO0190,1,MO0190,001,GARST MEMORIAL LIBRARY,MARSHFIELD,65706,0.594,OK,nearest_active_imls_outlet_haversine_from_location_point_prefer_same_state,https://www.sos.mo.gov/library,STATE_LIBRARY_HOME_HANDOFF,indirect,Missouri Secretary of State State Library Division official page.,PUBLIC_USE,generic_fallback,COMPLETE,true,,supplement_not_identity_not_inventory,PUBLIC_USE,2026-09-12,
05,Springfield / SWMO,Monett,MO,0,MATCHED_CENSUS_PLACE,Monett city,1600000US2949196,36.92147,-93.927108,CENSUS_2026_GAZETTEER_PLACE_INTPT,,ZIP,65708,65708,1.998,1,MO0038,1,MO0038,017,MONETT BRANCH LIBRARY,MONETT,65708,2.421,OK,nearest_active_imls_outlet_haversine_from_location_point_prefer_same_state,https://www.sos.mo.gov/library,STATE_LIBRARY_HOME_HANDOFF,indirect,Missouri Secretary of State State Library Division official page.,PUBLIC_USE,generic_fallback,COMPLETE,true,,supplement_not_identity_not_inventory,PUBLIC_USE,2026-09-12,
06,Springfield / SWMO,Nixa,MO,0,MATCHED_CENSUS_PLACE,Nixa city,1600000US2952616,37.045093,-93.295914,CENSUS_2026_GAZETTEER_PLACE_INTPT,,ZIP,65714,65714,2.293,1,MO0110,2,MO0110,002,CHRISTIAN COUNTY LIBRARY BOOKMOBILE,NIXA,65721,0.33,OK,nearest_active_imls_outlet_haversine_from_location_point_prefer_same_state,https://www.christiancountylibrary.org/,DIRECT_LIBRARY_SYSTEM,direct,Official library/system page retrieved this research packet; not inferred from the name.,LINK_ONLY,generic_fallback,COMPLETE,true,,supplement_not_identity_not_inventory,PUBLIC_USE,2026-09-12,
07,Springfield / SWMO,Ozark,MO,1,MATCHED_CENSUS_PLACE,Ozark city,1600000US2955766,37.0336,-93.218044,CENSUS_2026_GAZETTEER_PLACE_INTPT,,ZIP,65721,65721,5.951,0,,1,MO0110,003,OZARK COMMUNITY BRANCH LIBRARY,OZARK,65721,1.509,OK,nearest_active_imls_outlet_haversine_from_location_point_prefer_same_state,https://www.sos.mo.gov/library,STATE_LIBRARY_HOME_HANDOFF,indirect,Missouri Secretary of State State Library Division official page.,PUBLIC_USE,HOLD,COMPLETE,true,,supplement_not_identity_not_inventory,PUBLIC_USE,2026-09-12,Mandatory key city
08,Springfield / SWMO,Republic,MO,0,MATCHED_CENSUS_PLACE,Republic city,1600000US2961238,37.168552,-93.413059,CENSUS_2026_GAZETTEER_PLACE_INTPT,,ZIP,65619,65619,5.635,0,,1,MO0020,007,REPUBLIC BRANCH LIBRARY,REPUBLIC,65738,6.459,OK,nearest_active_imls_outlet_haversine_from_location_point_prefer_same_state,https://www.sos.mo.gov/library,STATE_LIBRARY_HOME_HANDOFF,indirect,Missouri Secretary of State State Library Division official page.,PUBLIC_USE,generic_fallback,COMPLETE,true,,supplement_not_identity_not_inventory,PUBLIC_USE,2026-09-12,
09,Springfield / SWMO,Springfield,MO,1,MATCHED_CENSUS_PLACE,Springfield city,1600000US2970000,37.195337,-93.292363,CENSUS_2026_GAZETTEER_PLACE_INTPT,,ZIP,65897,65897,1.162,1,MO0020,6,MO0020,016,PARK CENTRAL BRANCH LIBRARY,SPRINGFIELD,65806,1.482,OK,nearest_active_imls_outlet_haversine_from_location_point_prefer_same_state,https://www.sos.mo.gov/library,STATE_LIBRARY_HOME_HANDOFF,indirect,Missouri Secretary of State State Library Division official page.,PUBLIC_USE,specialist_supported,COMPLETE,true,,supplement_not_identity_not_inventory,PUBLIC_USE,2026-09-12,Mandatory regression case
10,Branson / Lakes,Branson,MO,1,MATCHED_CENSUS_PLACE,Branson city,1600000US2907966,36.624611,-93.293449,CENSUS_2026_GAZETTEER_PLACE_INTPT,,ZIP,65726,65726,4.549,1,MO0003,1,MO0003,003,LIBRARY CENTER OF THE OZARKS,BRANSON,65616,6.809,OK,nearest_active_imls_outlet_haversine_from_location_point_prefer_same_state,https://lcozarks.org/about/,DIRECT_LIBRARY_SYSTEM,direct,Official library/system page retrieved this research packet; not inferred from the name.,LINK_ONLY,generic_fallback,COMPLETE,true,,supplement_not_identity_not_inventory,PUBLIC_USE,2026-09-12,
11,Branson / Lakes,Forsyth,MO,0,MATCHED_CENSUS_PLACE,Forsyth city,1600000US2925192,36.685278,-93.102651,CENSUS_2026_GAZETTEER_PLACE_INTPT,,ZIP,65731,65731,4.141,0,,0,MO0003,003,LIBRARY CENTER OF THE OZARKS,BRANSON,65616,11.526,OK,nearest_active_imls_outlet_haversine_from_location_point_prefer_same_state,https://lcozarks.org/about/,DIRECT_LIBRARY_SYSTEM,direct,Official library/system page retrieved this research packet; not inferred from the name.,LINK_ONLY,generic_fallback,COMPLETE,true,,supplement_not_identity_not_inventory,PUBLIC_USE,2026-09-12,
12,Branson / Lakes,Hollister,MO,0,MATCHED_CENSUS_PLACE,Hollister city,1600000US2932662,36.607215,-93.232005,CENSUS_2026_GAZETTEER_PLACE_INTPT,,ZIP,65726,65726,1.683,0,,0,MO0003,003,LIBRARY CENTER OF THE OZARKS,BRANSON,65616,4.123,OK,nearest_active_imls_outlet_haversine_from_location_point_prefer_same_state,https://lcozarks.org/about/,DIRECT_LIBRARY_SYSTEM,direct,Official library/system page retrieved this research packet; not inferred from the name.,LINK_ONLY,generic_fallback,COMPLETE,true,,supplement_not_identity_not_inventory,PUBLIC_USE,2026-09-12,
13,Branson / Lakes,Lampe,MO,0,NO_CENSUS_PLACE,,,36.5636755,-93.437964,USGS_GNIS_POPULATED_PLACES,750646,ZIP,65681,65681,3.406,0,,0,MO0043,006,BLUE EYE LIBRARY,BLUE EYE,65611,7.639,OK,nearest_active_imls_outlet_haversine_from_location_point_prefer_same_state,https://www.sos.mo.gov/library,STATE_LIBRARY_HOME_HANDOFF,indirect,Missouri Secretary of State State Library Division official page.,PUBLIC_USE,generic_fallback,COMPLETE,true,,supplement_not_identity_not_inventory,PUBLIC_USE,2026-09-12,May lack Census place geography
14,Branson / Lakes,Point Lookout,MO,0,NO_CENSUS_PLACE,,,36.61756,-93.23935,USGS_GNIS_DOMESTIC_NAMES_SUMMARY,736272,ZIP,65726,65726,0.386,0,,0,MO0003,003,LIBRARY CENTER OF THE OZARKS,BRANSON,65616,3.297,OK,nearest_active_imls_outlet_haversine_from_location_point_prefer_same_state,https://lcozarks.org/about/,DIRECT_LIBRARY_SYSTEM,direct,Official library/system page retrieved this research packet; not inferred from the name.,LINK_ONLY,generic_fallback,COMPLETE,true,"Feature class is Locale, not Populated Place, in GNIS. Still a deterministic community point.",supplement_not_identity_not_inventory,PUBLIC_USE,2026-09-12,May lack Census place geography
15,Branson / Lakes,Ridgedale,MO,0,NO_CENSUS_PLACE,,,36.5039535,-93.2237919,USGS_GNIS_POPULATED_PLACES,755567,ZIP,65739,65739,4.565,0,,0,MO0043,006,BLUE EYE LIBRARY,BLUE EYE,65611,15.138,OK,nearest_active_imls_outlet_haversine_from_location_point_prefer_same_state,https://www.sos.mo.gov/library,STATE_LIBRARY_HOME_HANDOFF,indirect,Missouri Secretary of State State Library Division official page.,PUBLIC_USE,generic_fallback,COMPLETE,true,,supplement_not_identity_not_inventory,PUBLIC_USE,2026-09-12,May lack Census place geography
16,NWA / Eureka,Bella Vista,AR,0,MATCHED_CENSUS_PLACE,Bella Vista city,1600000US0504840,36.467297,-94.26557,CENSUS_2026_GAZETTEER_PLACE_INTPT,,ZIP,72715,72715,3.634,1,AR0044,1,AR0044,002,BELLA VISTA PUBLIC LIBRARY,BELLA VISTA,72714,2.162,OK,nearest_active_imls_outlet_haversine_from_location_point_prefer_same_state,https://library.arkansas.gov/,STATE_LIBRARY_HOME_HANDOFF,indirect,"Arkansas State Library official homepage. Indirect home handoff, not a facility-directory URL.",PUBLIC_USE,generic_fallback,COMPLETE,true,,supplement_not_identity_not_inventory,PUBLIC_USE,2026-09-12,
17,NWA / Eureka,Bentonville,AR,1,MATCHED_CENSUS_PLACE,Bentonville city,1600000US0505320,36.351851,-94.231767,CENSUS_2026_GAZETTEER_PLACE_INTPT,,ZIP,72712,72712,5.244,1,AR0038,1,AR0038,002,BENTONVILLE PUBLIC LIBRARY,BENTONVILLE,72712,2.706,OK,nearest_active_imls_outlet_haversine_from_location_point_prefer_same_state,https://bentonvillelibrary.org/,DIRECT_LIBRARY_SYSTEM,direct,Official library/system page retrieved this research packet; not inferred from the name.,LINK_ONLY,specialist_supported,COMPLETE,true,,supplement_not_identity_not_inventory,PUBLIC_USE,2026-09-12,
18,NWA / Eureka,Berryville,AR,0,MATCHED_CENSUS_PLACE,Berryville city,1600000US0505560,36.37028,-93.568335,CENSUS_2026_GAZETTEER_PLACE_INTPT,,ZIP,72616,72616,2.9,1,AR0049,2,AR0049,007,BERRYVILLE PUBLIC LIBRARY,BERRYVILLE,72616,0.677,OK,nearest_active_imls_outlet_haversine_from_location_point_prefer_same_state,https://library.arkansas.gov/,STATE_LIBRARY_HOME_HANDOFF,indirect,"Arkansas State Library official homepage. Indirect home handoff, not a facility-directory URL.",PUBLIC_USE,generic_fallback,COMPLETE,true,,supplement_not_identity_not_inventory,PUBLIC_USE,2026-09-12,
19,NWA / Eureka,Eureka,AR,0,NO_CENSUS_PLACE_CORRECTION_CANDIDATE,,,,,NO_GNIS_POPULATED_PLACE_NAMED_EUREKA_IN_ARKANSAS,,REVIEW_HOLD,,,,0,,0,,,,,,,,NOT_PRODUCT_ROUTE_CORRECTION_CANDIDATE,,NOT_PRODUCT_ROUTE,none,Eureka AR has no Census/GNIS identity; neighbor Eureka Springs evidence is research-only and is not a product route.,PUBLIC_USE,HOLD,REVIEW_HOLD,false,"REVIEW_HOLD / correction candidate. USGS GNIS Populated Places has Eureka Springs, Arkansas (feature_id 48926) and no feature named Eureka in Arkansas. Neighbor ZIP 72632 is research evidence only. Not product-route-eligible. Do not copy Eureka Springs Census GEOID or library destination onto this row. Primary decides any OzarksKey correction.",supplement_not_identity_not_inventory,PUBLIC_USE,2026-09-12,Do not merge with Eureka Springs; correction candidate
20,NWA / Eureka,Eureka Springs,AR,1,MATCHED_CENSUS_PLACE,Eureka Springs city,1600000US0522240,36.411142,-93.743209,CENSUS_2026_GAZETTEER_PLACE_INTPT,,ZIP,72632,72632,4.209,0,,1,AR0049,002,EUREKA SPRINGS CARNEGIE LIBRARY,EUREKA SPRINGS,72632,0.724,OK,nearest_active_imls_outlet_haversine_from_location_point_prefer_same_state,https://library.arkansas.gov/facilities/eureka-springs-carnegie-library/,STATE_LIBRARY_FACILITY_PAGE,direct,Official library/system page retrieved this research packet; not inferred from the name.,PUBLIC_USE,specialist_supported,COMPLETE,true,,supplement_not_identity_not_inventory,PUBLIC_USE,2026-09-12,
21,NWA / Eureka,Farmington,AR,0,MATCHED_CENSUS_PLACE,Farmington city,1600000US0523170,36.036581,-94.252466,CENSUS_2026_GAZETTEER_PLACE_INTPT,,ZIP,72730,72730,1.611,0,,1,AR0002,017,FARMINGTON PUBLIC LIBRARY,FARMINGTON,72730,0.504,OK,nearest_active_imls_outlet_haversine_from_location_point_prefer_same_state,https://library.arkansas.gov/,STATE_LIBRARY_HOME_HANDOFF,indirect,"Arkansas State Library official homepage. Indirect home handoff, not a facility-directory URL.",PUBLIC_USE,generic_fallback,COMPLETE,true,,supplement_not_identity_not_inventory,PUBLIC_USE,2026-09-12,
22,NWA / Eureka,Fayetteville,AR,1,MATCHED_CENSUS_PLACE,Fayetteville city,1600000US0523290,36.071451,-94.166679,CENSUS_2026_GAZETTEER_PLACE_INTPT,,ZIP,72730,72730,10.242,2,AR0002|AR0066,3,AR0066,001,FAYETTEVILLE PUBLIC LIBRARY,FAYETTEVILLE,72701,1.066,OK,nearest_active_imls_outlet_haversine_from_location_point_prefer_same_state,https://faylib.org/,DIRECT_LIBRARY_SYSTEM,direct,Official library/system page retrieved this research packet; not inferred from the name.,LINK_ONLY,specialist_supported,COMPLETE,true,,supplement_not_identity_not_inventory,PUBLIC_USE,2026-09-12,
23,NWA / Eureka,Gentry,AR,0,MATCHED_CENSUS_PLACE,Gentry city,1600000US0526290,36.250062,-94.490491,CENSUS_2026_GAZETTEER_PLACE_INTPT,,ZIP,72734,72734,4.188,1,AR0077,1,AR0077,001,GENTRY PUBLIC LIBRARY,GENTRY,72734,2.013,OK,nearest_active_imls_outlet_haversine_from_location_point_prefer_same_state,https://library.arkansas.gov/,STATE_LIBRARY_HOME_HANDOFF,indirect,"Arkansas State Library official homepage. Indirect home handoff, not a facility-directory URL.",PUBLIC_USE,generic_fallback,COMPLETE,true,,supplement_not_identity_not_inventory,PUBLIC_USE,2026-09-12,
24,NWA / Eureka,Gravette,AR,0,MATCHED_CENSUS_PLACE,Gravette city,1600000US0528360,36.428296,-94.368529,CENSUS_2026_GAZETTEER_PLACE_INTPT,,ZIP,72739,72739,3.561,1,AR0069,1,AR0069,001,GRAVETTE PUBLIC LIBRARY,GRAVETTE,72736,7.533,OK,nearest_active_imls_outlet_haversine_from_location_point_prefer_same_state,https://library.arkansas.gov/,STATE_LIBRARY_HOME_HANDOFF,indirect,"Arkansas State Library official homepage. Indirect home handoff, not a facility-directory URL.",PUBLIC_USE,generic_fallback,COMPLETE,true,,supplement_not_identity_not_inventory,PUBLIC_USE,2026-09-12,
25,NWA / Eureka,Huntsville,AR,0,MATCHED_CENSUS_PLACE,Huntsville city,1600000US0533970,36.099194,-93.733469,CENSUS_2026_GAZETTEER_PLACE_INTPT,,ZIP,72740,72740,7.086,0,,1,AR0049,004,MADISON COUNTY LIBRARY,HUNTSVILLE,72740,0.549,OK,nearest_active_imls_outlet_haversine_from_location_point_prefer_same_state,https://library.arkansas.gov/,STATE_LIBRARY_HOME_HANDOFF,indirect,"Arkansas State Library official homepage. Indirect home handoff, not a facility-directory URL.",PUBLIC_USE,generic_fallback,COMPLETE,true,,supplement_not_identity_not_inventory,PUBLIC_USE,2026-09-12,
26,NWA / Eureka,Pea Ridge,AR,0,MATCHED_CENSUS_PLACE,Pea Ridge city,1600000US0554200,36.446651,-94.120807,CENSUS_2026_GAZETTEER_PLACE_INTPT,,ZIP,72751,72751,1.858,1,AR0068,1,AR0068,001,PEA RIDGE COMMUNITY LIBRARY,PEA RIDGE,72751,0.538,OK,nearest_active_imls_outlet_haversine_from_location_point_prefer_same_state,https://library.arkansas.gov/,STATE_LIBRARY_HOME_HANDOFF,indirect,"Arkansas State Library official homepage. Indirect home handoff, not a facility-directory URL.",PUBLIC_USE,generic_fallback,COMPLETE,true,,supplement_not_identity_not_inventory,PUBLIC_USE,2026-09-12,
27,NWA / Eureka,Prairie Grove,AR,0,MATCHED_CENSUS_PLACE,Prairie Grove city,1600000US0557170,35.986113,-94.303383,CENSUS_2026_GAZETTEER_PLACE_INTPT,,ZIP,72730,72730,5.834,0,,1,AR0002,011,PRAIRIE GROVE PUBLIC LIBRARY,PRAIRIE GROVE,72753,2.907,OK,nearest_active_imls_outlet_haversine_from_location_point_prefer_same_state,https://library.arkansas.gov/,STATE_LIBRARY_HOME_HANDOFF,indirect,"Arkansas State Library official homepage. Indirect home handoff, not a facility-directory URL.",PUBLIC_USE,generic_fallback,COMPLETE,true,,supplement_not_identity_not_inventory,PUBLIC_USE,2026-09-12,
28,NWA / Eureka,Rogers,AR,1,MATCHED_CENSUS_PLACE,Rogers city,1600000US0560410,36.318085,-94.152287,CENSUS_2026_GAZETTEER_PLACE_INTPT,,ZIP,72758,72758,2.307,1,AR0047,1,AR0047,001,ROGERS PUBLIC LIBRARY,ROGERS,72758,1.352,OK,nearest_active_imls_outlet_haversine_from_location_point_prefer_same_state,https://rogerspubliclibrary.org/,DIRECT_LIBRARY_SYSTEM,direct,Official library/system page retrieved this research packet; not inferred from the name.,LINK_ONLY,specialist_supported,COMPLETE,true,,supplement_not_identity_not_inventory,PUBLIC_USE,2026-09-12,
29,NWA / Eureka,Siloam Springs,AR,0,MATCHED_CENSUS_PLACE,Siloam Springs city,1600000US0564370,36.185382,-94.530029,CENSUS_2026_GAZETTEER_PLACE_INTPT,,ZIP,72761,72761,7.006,1,AR0079,1,AR0079,001,SILOAM SPRINGS PUBLIC LIBRARY,SILOAM SPRINGS,72761,1.026,OK,nearest_active_imls_outlet_haversine_from_location_point_prefer_same_state,https://library.arkansas.gov/,STATE_LIBRARY_HOME_HANDOFF,indirect,"Arkansas State Library official homepage. Indirect home handoff, not a facility-directory URL.",PUBLIC_USE,generic_fallback,COMPLETE,true,,supplement_not_identity_not_inventory,PUBLIC_USE,2026-09-12,
30,NWA / Eureka,Springdale,AR,0,MATCHED_CENSUS_PLACE,Springdale city,1600000US0566080,36.191438,-94.155062,CENSUS_2026_GAZETTEER_PLACE_INTPT,,ZIP,72762,72762,6.409,0,,1,AR0002,014,SPRINGDALE PUBLIC LIBRARY,SPRINGDALE,72764,1.604,OK,nearest_active_imls_outlet_haversine_from_location_point_prefer_same_state,https://library.arkansas.gov/,STATE_LIBRARY_HOME_HANDOFF,indirect,"Arkansas State Library official homepage. Indirect home handoff, not a facility-directory URL.",PUBLIC_USE,generic_fallback,COMPLETE,true,,supplement_not_identity_not_inventory,PUBLIC_USE,2026-09-12,
31,NWA / Eureka,Tontitown,AR,0,MATCHED_CENSUS_PLACE,Tontitown city,1600000US0569740,36.167388,-94.242128,CENSUS_2026_GAZETTEER_PLACE_INTPT,,ZIP,72762,72762,2.178,0,,0,AR0002,014,SPRINGDALE PUBLIC LIBRARY,SPRINGDALE,72764,9.016,OK,nearest_active_imls_outlet_haversine_from_location_point_prefer_same_state,https://library.arkansas.gov/,STATE_LIBRARY_HOME_HANDOFF,indirect,"Arkansas State Library official homepage. Indirect home handoff, not a facility-directory URL.",PUBLIC_USE,generic_fallback,COMPLETE,true,,supplement_not_identity_not_inventory,PUBLIC_USE,2026-09-12,
32,Lake of the Ozarks,Brumley,MO,0,MATCHED_CENSUS_PLACE,Brumley town,1600000US2908974,38.088523,-92.484333,CENSUS_2026_GAZETTEER_PLACE_INTPT,,ZIP,65017,65017,0.977,0,,0,MO0095,005,OSAGE BEACH BRANCH,OSAGE BEACH,65065,13.913,OK,nearest_active_imls_outlet_haversine_from_location_point_prefer_same_state,https://www.sos.mo.gov/library,STATE_LIBRARY_HOME_HANDOFF,indirect,Missouri Secretary of State State Library Division official page.,PUBLIC_USE,generic_fallback,COMPLETE,true,,supplement_not_identity_not_inventory,PUBLIC_USE,2026-09-12,
33,Lake of the Ozarks,Camdenton,MO,0,MATCHED_CENSUS_PLACE,Camdenton city,1600000US2910810,38.013237,-92.751393,CENSUS_2026_GAZETTEER_PLACE_INTPT,,ZIP,65020,65020,2.678,1,MO0095,1,MO0095,002,CAMDEN COUNTY LIBRARY,CAMDENTON,65020,1.595,OK,nearest_active_imls_outlet_haversine_from_location_point_prefer_same_state,https://ccld.us/,DIRECT_LIBRARY_SYSTEM,direct,Official library/system page retrieved this research packet; not inferred from the name.,LINK_ONLY,generic_fallback,COMPLETE,true,,supplement_not_identity_not_inventory,PUBLIC_USE,2026-09-12,
34,Lake of the Ozarks,Climax Springs,MO,0,MATCHED_CENSUS_PLACE,Climax Springs CDP,1600000US2914914,38.100402,-93.052807,CENSUS_2026_GAZETTEER_PLACE_INTPT,,ZIP,65324,65324,3.786,0,,1,MO0095,009,CLIMAX SPRINGS BRANCH,CLIMAX SPRINGS,65324,0.571,OK,nearest_active_imls_outlet_haversine_from_location_point_prefer_same_state,https://www.sos.mo.gov/library,STATE_LIBRARY_HOME_HANDOFF,indirect,Missouri Secretary of State State Library Division official page.,PUBLIC_USE,generic_fallback,COMPLETE,true,,supplement_not_identity_not_inventory,PUBLIC_USE,2026-09-12,
35,Lake of the Ozarks,Eldon,MO,0,MATCHED_CENSUS_PLACE,Eldon city,1600000US2921484,38.351176,-92.576704,CENSUS_2026_GAZETTEER_PLACE_INTPT,,ZIP,65026,65026,3.157,0,,1,MO0174,003,MILLER COUNTY LIBRARY SERVICE CENTER - ELDON,ELDON,65026,0.247,OK,nearest_active_imls_outlet_haversine_from_location_point_prefer_same_state,https://www.sos.mo.gov/library,STATE_LIBRARY_HOME_HANDOFF,indirect,Missouri Secretary of State State Library Division official page.,PUBLIC_USE,generic_fallback,COMPLETE,true,,supplement_not_identity_not_inventory,PUBLIC_USE,2026-09-12,
36,Lake of the Ozarks,Lake Ozark,MO,1,MATCHED_CENSUS_PLACE,Lake Ozark city,1600000US2940034,38.200874,-92.630016,CENSUS_2026_GAZETTEER_PLACE_INTPT,,ZIP,65049,65049,3.718,0,,0,MO0095,005,OSAGE BEACH BRANCH,OSAGE BEACH,65065,5.821,OK,nearest_active_imls_outlet_haversine_from_location_point_prefer_same_state,https://www.sos.mo.gov/library,STATE_LIBRARY_HOME_HANDOFF,indirect,Missouri Secretary of State State Library Division official page.,PUBLIC_USE,generic_fallback,COMPLETE,true,,supplement_not_identity_not_inventory,PUBLIC_USE,2026-09-12,
37,Lake of the Ozarks,Laurie,MO,0,MATCHED_CENSUS_PLACE,Laurie city,1600000US2940916,38.207984,-92.825358,CENSUS_2026_GAZETTEER_PLACE_INTPT,,ZIP,65037,65037,4.455,0,,0,MO0095,007,SUNRISE BEACH BRANCH,SUNRISE BEACH,65079,7.617,OK,nearest_active_imls_outlet_haversine_from_location_point_prefer_same_state,https://www.sos.mo.gov/library,STATE_LIBRARY_HOME_HANDOFF,indirect,Missouri Secretary of State State Library Division official page.,PUBLIC_USE,generic_fallback,COMPLETE,true,,supplement_not_identity_not_inventory,PUBLIC_USE,2026-09-12,
38,Lake of the Ozarks,Linn Creek,MO,0,MATCHED_CENSUS_PLACE,Linn Creek city,1600000US2943274,38.042934,-92.713973,CENSUS_2026_GAZETTEER_PLACE_INTPT,,ZIP,65052,65052,3.797,0,,0,MO0095,002,CAMDEN COUNTY LIBRARY,CAMDENTON,65020,4.993,OK,nearest_active_imls_outlet_haversine_from_location_point_prefer_same_state,https://ccld.us/,DIRECT_LIBRARY_SYSTEM,direct,Official library/system page retrieved this research packet; not inferred from the name.,LINK_ONLY,generic_fallback,COMPLETE,true,,supplement_not_identity_not_inventory,PUBLIC_USE,2026-09-12,
39,Lake of the Ozarks,Macks Creek,MO,0,MATCHED_CENSUS_PLACE,Macks Creek CDP,1600000US2945218,37.963497,-92.966926,CENSUS_2026_GAZETTEER_PLACE_INTPT,,ZIP,65786,65786,0.366,0,,1,MO0095,004,MACKS CREEK BRANCH,MACKS CREEK,65786,0.51,OK,nearest_active_imls_outlet_haversine_from_location_point_prefer_same_state,https://www.sos.mo.gov/library,STATE_LIBRARY_HOME_HANDOFF,indirect,Missouri Secretary of State State Library Division official page.,PUBLIC_USE,generic_fallback,COMPLETE,true,,supplement_not_identity_not_inventory,PUBLIC_USE,2026-09-12,
40,Lake of the Ozarks,Osage Beach,MO,1,MATCHED_CENSUS_PLACE,Osage Beach city,1600000US2955244,38.136219,-92.64703,CENSUS_2026_GAZETTEER_PLACE_INTPT,,ZIP,65065,65065,2.563,0,,1,MO0095,005,OSAGE BEACH BRANCH,OSAGE BEACH,65065,2.469,OK,nearest_active_imls_outlet_haversine_from_location_point_prefer_same_state,https://www.sos.mo.gov/library,STATE_LIBRARY_HOME_HANDOFF,indirect,Missouri Secretary of State State Library Division official page.,PUBLIC_USE,generic_fallback,COMPLETE,true,,supplement_not_identity_not_inventory,PUBLIC_USE,2026-09-12,
41,Lake of the Ozarks,Stoutland,MO,0,MATCHED_CENSUS_PLACE,Stoutland city,1600000US2971008,37.813194,-92.515975,CENSUS_2026_GAZETTEER_PLACE_INTPT,,ZIP,65567,65567,4.555,0,,1,MO0095,006,STOUTLAND BRANCH,STOUTLAND,65567,0.136,OK,nearest_active_imls_outlet_haversine_from_location_point_prefer_same_state,https://www.sos.mo.gov/library,STATE_LIBRARY_HOME_HANDOFF,indirect,Missouri Secretary of State State Library Division official page.,PUBLIC_USE,generic_fallback,COMPLETE,true,,supplement_not_identity_not_inventory,PUBLIC_USE,2026-09-12,
42,Lake of the Ozarks,Sunrise Beach,MO,0,MATCHED_CENSUS_PLACE,Sunrise Beach village,1600000US2971728,38.167149,-92.777244,CENSUS_2026_GAZETTEER_PLACE_INTPT,,ZIP,65079,65079,2.757,0,,1,MO0095,007,SUNRISE BEACH BRANCH,SUNRISE BEACH,65079,1.579,OK,nearest_active_imls_outlet_haversine_from_location_point_prefer_same_state,https://www.sos.mo.gov/library,STATE_LIBRARY_HOME_HANDOFF,indirect,Missouri Secretary of State State Library Division official page.,PUBLIC_USE,generic_fallback,COMPLETE,true,,supplement_not_identity_not_inventory,PUBLIC_USE,2026-09-12,
43,Lake of the Ozarks,Versailles,MO,0,MATCHED_CENSUS_PLACE,Versailles city,1600000US2975922,38.433449,-92.846034,CENSUS_2026_GAZETTEER_PLACE_INTPT,,ZIP,65084,65084,0.959,1,MO0033,1,MO0033,002,MORGAN COUNTY LIBRARY,VERSAILLES,65084,0.602,OK,nearest_active_imls_outlet_haversine_from_location_point_prefer_same_state,https://www.sos.mo.gov/library,STATE_LIBRARY_HOME_HANDOFF,indirect,Missouri Secretary of State State Library Division official page.,PUBLIC_USE,generic_fallback,COMPLETE,true,,supplement_not_identity_not_inventory,PUBLIC_USE,2026-09-12,
44,Central / Eastern,Ava,MO,0,MATCHED_CENSUS_PLACE,Ava city,1600000US2902674,36.956222,-92.665965,CENSUS_2026_GAZETTEER_PLACE_INTPT,,ZIP,65608,65608,6.017,1,MO0111,1,MO0111,002,DOUGLAS COUNTY PUBLIC LIBRARY,AVA,65608,0.691,OK,nearest_active_imls_outlet_haversine_from_location_point_prefer_same_state,https://www.sos.mo.gov/library,STATE_LIBRARY_HOME_HANDOFF,indirect,Missouri Secretary of State State Library Division official page.,PUBLIC_USE,generic_fallback,COMPLETE,true,,supplement_not_identity_not_inventory,PUBLIC_USE,2026-09-12,
45,Central / Eastern,Cabool,MO,0,MATCHED_CENSUS_PLACE,Cabool city,1600000US2910288,37.126012,-92.103986,CENSUS_2026_GAZETTEER_PLACE_INTPT,,ZIP,65689,65689,1.594,0,,1,MO0116,003,CABOOL BRANCH,CABOOL,65689,0.707,OK,nearest_active_imls_outlet_haversine_from_location_point_prefer_same_state,https://www.sos.mo.gov/library,STATE_LIBRARY_HOME_HANDOFF,indirect,Missouri Secretary of State State Library Division official page.,PUBLIC_USE,generic_fallback,COMPLETE,true,,supplement_not_identity_not_inventory,PUBLIC_USE,2026-09-12,
46,Central / Eastern,Eminence,MO,0,MATCHED_CENSUS_PLACE,Eminence city,1600000US2922276,37.150891,-91.358713,CENSUS_2026_GAZETTEER_PLACE_INTPT,,ZIP,65466,65466,7.151,0,,0,MO0116,005,SUMMERSVILLE BRANCH,SUMMERSVILLE,65571,26.451,OUTLET_GT_25KM,nearest_active_imls_outlet_haversine_from_location_point_prefer_same_state,https://www.sos.mo.gov/library,STATE_LIBRARY_HOME_HANDOFF,indirect,Missouri Secretary of State State Library Division official page.,PUBLIC_USE,generic_fallback,COMPLETE,true,,supplement_not_identity_not_inventory,PUBLIC_USE,2026-09-12,
47,Central / Eastern,Lebanon,MO,0,MATCHED_CENSUS_PLACE,Lebanon city,1600000US2941168,37.672131,-92.65967,CENSUS_2026_GAZETTEER_PLACE_INTPT,,ZIP,65536,65536,2.411,1,MO0198,1,MO0198,001,LEBANON-LACLEDE COUNTY LIBRARY,LEBANON,65536,0.466,OK,nearest_active_imls_outlet_haversine_from_location_point_prefer_same_state,https://www.sos.mo.gov/library,STATE_LIBRARY_HOME_HANDOFF,indirect,Missouri Secretary of State State Library Division official page.,PUBLIC_USE,generic_fallback,COMPLETE,true,,supplement_not_identity_not_inventory,PUBLIC_USE,2026-09-12,
48,Central / Eastern,Mountain Grove,MO,0,MATCHED_CENSUS_PLACE,Mountain Grove city,1600000US2950402,37.134222,-92.266291,CENSUS_2026_GAZETTEER_PLACE_INTPT,,ZIP,65711,65711,4.761,0,,1,MO0011,007,MOUNTAIN GROVE LIBRARY,MOUNTAIN GROVE,65711,0.578,OK,nearest_active_imls_outlet_haversine_from_location_point_prefer_same_state,https://www.sos.mo.gov/library,STATE_LIBRARY_HOME_HANDOFF,indirect,Missouri Secretary of State State Library Division official page.,PUBLIC_USE,generic_fallback,COMPLETE,true,,supplement_not_identity_not_inventory,PUBLIC_USE,2026-09-12,
49,Central / Eastern,Rolla,MO,1,MATCHED_CENSUS_PLACE,Rolla city,1600000US2962912,37.946433,-91.761116,CENSUS_2026_GAZETTEER_PLACE_INTPT,,ZIP,65409,65409,1.692,1,MO0094,1,MO0094,002,ROLLA PUBLIC LIBRARY,ROLLA,65401,1.044,OK,nearest_active_imls_outlet_haversine_from_location_point_prefer_same_state,https://rollapubliclibrary.org/,DIRECT_LIBRARY_SYSTEM,direct,Official library/system page retrieved this research packet; not inferred from the name.,LINK_ONLY,generic_fallback,COMPLETE,true,,supplement_not_identity_not_inventory,PUBLIC_USE,2026-09-12,
50,Central / Eastern,Salem,MO,0,MATCHED_CENSUS_PLACE,Salem city,1600000US2965234,37.639568,-91.53486,CENSUS_2026_GAZETTEER_PLACE_INTPT,,ZIP,65560,65560,5.502,1,MO0105,1,MO0105,002,SALEM PUBLIC LIBRARY,SALEM,65560,0.751,OK,nearest_active_imls_outlet_haversine_from_location_point_prefer_same_state,https://www.sos.mo.gov/library,STATE_LIBRARY_HOME_HANDOFF,indirect,Missouri Secretary of State State Library Division official page.,PUBLIC_USE,generic_fallback,COMPLETE,true,,supplement_not_identity_not_inventory,PUBLIC_USE,2026-09-12,
51,Central / Eastern,St. James,MO,0,MATCHED_CENSUS_PLACE,St. James city,1600000US2964424,38.002356,-91.613372,CENSUS_2026_GAZETTEER_PLACE_INTPT,,ZIP,65559,65559,1.614,1,MO0141,1,MO0141,001,JAMES MEMORIAL LIBRARY,ST. JAMES,65559,0.989,OK,nearest_active_imls_outlet_haversine_from_location_point_prefer_same_state,https://www.sos.mo.gov/library,STATE_LIBRARY_HOME_HANDOFF,indirect,Missouri Secretary of State State Library Division official page.,PUBLIC_USE,generic_fallback,COMPLETE,true,,supplement_not_identity_not_inventory,PUBLIC_USE,2026-09-12,
52,Central / Eastern,St. Robert,MO,0,MATCHED_CENSUS_PLACE,St. Robert city,1600000US2965144,37.830607,-92.157005,CENSUS_2026_GAZETTEER_PLACE_INTPT,,ZIP,65584,65584,2.273,0,,0,MO0199,005,WAYNESVILLE LIBRARY,WAYNESVILLE,65583,4.642,OK,nearest_active_imls_outlet_haversine_from_location_point_prefer_same_state,https://www.sos.mo.gov/library,STATE_LIBRARY_HOME_HANDOFF,indirect,Missouri Secretary of State State Library Division official page.,PUBLIC_USE,generic_fallback,COMPLETE,true,,supplement_not_identity_not_inventory,PUBLIC_USE,2026-09-12,
53,Central / Eastern,Steelville,MO,0,MATCHED_CENSUS_PLACE,Steelville city,1600000US2970576,37.969608,-91.354581,CENSUS_2026_GAZETTEER_PLACE_INTPT,,ZIP,65565,65565,12.976,1,MO0234,1,MO0234,006,STEELVILLE MAIN LIBRARY,STEELVILLE,65565,0.517,OK,nearest_active_imls_outlet_haversine_from_location_point_prefer_same_state,https://www.sos.mo.gov/library,STATE_LIBRARY_HOME_HANDOFF,indirect,Missouri Secretary of State State Library Division official page.,PUBLIC_USE,generic_fallback,COMPLETE,true,,supplement_not_identity_not_inventory,PUBLIC_USE,2026-09-12,
54,Central / Eastern,West Plains,MO,1,MATCHED_CENSUS_PLACE,West Plains city,1600000US2978928,36.73743,-91.867957,CENSUS_2026_GAZETTEER_PLACE_INTPT,,ZIP,65775,65775,4.175,1,MO0108,1,MO0108,002,WEST PLAINS PUBLIC LIBRARY,WEST PLAINS,65775,0.992,OK,nearest_active_imls_outlet_haversine_from_location_point_prefer_same_state,https://westplains.gov/departments/community-services/west-plains-public-library/,DIRECT_MUNICIPAL_LIBRARY_PAGE,direct,Official library/system page retrieved this research packet; not inferred from the name.,PUBLIC_USE,generic_fallback,COMPLETE,true,,supplement_not_identity_not_inventory,PUBLIC_USE,2026-09-12,
55,Central / Eastern,Willow Springs,MO,0,MATCHED_CENSUS_PLACE,Willow Springs city,1600000US2980098,36.986752,-91.961551,CENSUS_2026_GAZETTEER_PLACE_INTPT,,ZIP,65793,65793,1.73,1,MO0107,1,MO0107,002,WILLOW SPRINGS PUBLIC LIBRARY,WILLOW SPRINGS,65793,0.897,OK,nearest_active_imls_outlet_haversine_from_location_point_prefer_same_state,https://www.sos.mo.gov/library,STATE_LIBRARY_HOME_HANDOFF,indirect,Missouri Secretary of State State Library Division official page.,PUBLIC_USE,generic_fallback,COMPLETE,true,,supplement_not_identity_not_inventory,PUBLIC_USE,2026-09-12,
56,Joplin / Western,Anderson,MO,0,MATCHED_CENSUS_PLACE,Anderson city,1600000US2901198,36.653156,-94.444084,CENSUS_2026_GAZETTEER_PLACE_INTPT,,ZIP,64831,64831,1.382,0,,0,MO0106,002,PINEVILLE LIBRARY,PINEVILLE,64856,8.24,OK,nearest_active_imls_outlet_haversine_from_location_point_prefer_same_state,https://www.sos.mo.gov/library,STATE_LIBRARY_HOME_HANDOFF,indirect,Missouri Secretary of State State Library Division official page.,PUBLIC_USE,generic_fallback,COMPLETE,true,,supplement_not_identity_not_inventory,PUBLIC_USE,2026-09-12,
57,Joplin / Western,Asbury,MO,0,MATCHED_CENSUS_PLACE,Asbury city,1600000US2902098,37.272941,-94.605154,CENSUS_2026_GAZETTEER_PLACE_INTPT,,ZIP,64832,64832,7.984,0,,0,MO0114,002,WEBB CITY PUBLIC LIBRARY,WEBB CITY,64870,18.899,OK,nearest_active_imls_outlet_haversine_from_location_point_prefer_same_state,https://www.sos.mo.gov/library,STATE_LIBRARY_HOME_HANDOFF,indirect,Missouri Secretary of State State Library Division official page.,PUBLIC_USE,generic_fallback,COMPLETE,true,,supplement_not_identity_not_inventory,PUBLIC_USE,2026-09-12,
58,Joplin / Western,Carthage,MO,0,MATCHED_CENSUS_PLACE,Carthage city,1600000US2911656,37.147317,-94.323362,CENSUS_2026_GAZETTEER_PLACE_INTPT,,ZIP,64836,64836,6.126,1,MO0121,1,MO0121,001,CARTHAGE PUBLIC LIBRARY,CARTHAGE,64836,3.129,OK,nearest_active_imls_outlet_haversine_from_location_point_prefer_same_state,https://www.sos.mo.gov/library,STATE_LIBRARY_HOME_HANDOFF,indirect,Missouri Secretary of State State Library Division official page.,PUBLIC_USE,generic_fallback,COMPLETE,true,,supplement_not_identity_not_inventory,PUBLIC_USE,2026-09-12,
59,Joplin / Western,Diamond,MO,0,MATCHED_CENSUS_PLACE,Diamond town,1600000US2919432,36.997069,-94.315376,CENSUS_2026_GAZETTEER_PLACE_INTPT,,ZIP,64840,64840,3.534,0,,0,MO0044,002,NEOSHO/NEWTON COUNTY LIBRARY,NEOSHO,64850,14.969,OK,nearest_active_imls_outlet_haversine_from_location_point_prefer_same_state,https://www.sos.mo.gov/library,STATE_LIBRARY_HOME_HANDOFF,indirect,Missouri Secretary of State State Library Division official page.,PUBLIC_USE,generic_fallback,COMPLETE,true,,supplement_not_identity_not_inventory,PUBLIC_USE,2026-09-12,
60,Joplin / Western,Grove,OK,0,MATCHED_CENSUS_PLACE,Grove city,1600000US4031600,36.585034,-94.787247,CENSUS_2026_GAZETTEER_PLACE_INTPT,,ZIP,74344,74344,4.319,0,,1,OK0066,006,GROVE PUBLIC LIBRARY,GROVE,74344,3.053,OK,nearest_active_imls_outlet_haversine_from_location_point_prefer_same_state,https://www.imls.gov/search-compare,IMLS_SEARCH_COMPARE_IDENTITY,indirect,Official IMLS Library Search & Compare tool. FY2024 PUD has no website field. User searches FSCS ID/name. Linked source remains final authority.,PUBLIC_USE,generic_fallback,COMPLETE,true,,supplement_not_identity_not_inventory,PUBLIC_USE,2026-09-12,
61,Joplin / Western,Joplin,MO,1,MATCHED_CENSUS_PLACE,Joplin city,1600000US2937592,37.075218,-94.501259,CENSUS_2026_GAZETTEER_PLACE_INTPT,,ZIP,64801,64801,3.538,1,MO0041,1,MO0041,001,JOPLIN PUBLIC LIBRARY,JOPLIN,64804,0.949,OK,nearest_active_imls_outlet_haversine_from_location_point_prefer_same_state,https://www.joplinpubliclibrary.org/,DIRECT_LIBRARY_SYSTEM,direct,Official library/system page retrieved this research packet; not inferred from the name.,LINK_ONLY,HOLD,COMPLETE,true,,supplement_not_identity_not_inventory,PUBLIC_USE,2026-09-12,
62,Joplin / Western,Lamar,MO,0,MATCHED_CENSUS_PLACE,Lamar city,1600000US2940376,37.493918,-94.278428,CENSUS_2026_GAZETTEER_PLACE_INTPT,,ZIP,64759,64759,3.254,1,MO0173,1,MO0173,006,MARY K. FINLEY LIBRARY,LAMAR,64759,0.233,OK,nearest_active_imls_outlet_haversine_from_location_point_prefer_same_state,https://www.sos.mo.gov/library,STATE_LIBRARY_HOME_HANDOFF,indirect,Missouri Secretary of State State Library Division official page.,PUBLIC_USE,generic_fallback,COMPLETE,true,,supplement_not_identity_not_inventory,PUBLIC_USE,2026-09-12,
63,Joplin / Western,Neosho,MO,1,MATCHED_CENSUS_PLACE,Neosho city,1600000US2951572,36.845458,-94.376438,CENSUS_2026_GAZETTEER_PLACE_INTPT,,ZIP,64850,64850,2.824,1,MO0044,1,MO0044,002,NEOSHO/NEWTON COUNTY LIBRARY,NEOSHO,64850,2.759,OK,nearest_active_imls_outlet_haversine_from_location_point_prefer_same_state,https://www.sos.mo.gov/library,STATE_LIBRARY_HOME_HANDOFF,indirect,Missouri Secretary of State State Library Division official page.,PUBLIC_USE,generic_fallback,COMPLETE,true,,supplement_not_identity_not_inventory,PUBLIC_USE,2026-09-12,
64,Joplin / Western,Webb City,MO,0,MATCHED_CENSUS_PLACE,Webb City city,1600000US2978118,37.141275,-94.467627,CENSUS_2026_GAZETTEER_PLACE_INTPT,,ZIP,64835,64835,2.691,1,MO0114,1,MO0114,002,WEBB CITY PUBLIC LIBRARY,WEBB CITY,64870,0.425,OK,nearest_active_imls_outlet_haversine_from_location_point_prefer_same_state,https://www.sos.mo.gov/library,STATE_LIBRARY_HOME_HANDOFF,indirect,Missouri Secretary of State State Library Division official page.,PUBLIC_USE,generic_fallback,COMPLETE,true,,supplement_not_identity_not_inventory,PUBLIC_USE,2026-09-12,
65,Harrison / Mountain Home,Batesville,AR,1,MATCHED_CENSUS_PLACE,Batesville city,1600000US0504030,35.768572,-91.622652,CENSUS_2026_GAZETTEER_PLACE_INTPT,,ZIP,72501,72501,3.719,1,AR0082,1,AR0082,001,INDEPENDENCE COUNTY LIBRARY,BATESVILLE,72501,2.641,OK,nearest_active_imls_outlet_haversine_from_location_point_prefer_same_state,https://library.arkansas.gov/,STATE_LIBRARY_HOME_HANDOFF,indirect,"Arkansas State Library official homepage. Indirect home handoff, not a facility-directory URL.",PUBLIC_USE,generic_fallback,COMPLETE,true,,supplement_not_identity_not_inventory,PUBLIC_USE,2026-09-12,
66,Harrison / Mountain Home,Bull Shoals,AR,0,MATCHED_CENSUS_PLACE,Bull Shoals city,1600000US0509790,36.373905,-92.59126,CENSUS_2026_GAZETTEER_PLACE_INTPT,,ZIP,72619,72619,0.0,0,,0,AR0003,013,MARION COUNTY LIBRARY,YELLVILLE,72687,18.615,OK,nearest_active_imls_outlet_haversine_from_location_point_prefer_same_state,https://library.arkansas.gov/,STATE_LIBRARY_HOME_HANDOFF,indirect,"Arkansas State Library official homepage. Indirect home handoff, not a facility-directory URL.",PUBLIC_USE,generic_fallback,COMPLETE,true,,supplement_not_identity_not_inventory,PUBLIC_USE,2026-09-12,
67,Harrison / Mountain Home,Cotter,AR,0,MATCHED_CENSUS_PLACE,Cotter city,1600000US0515490,36.281898,-92.520821,CENSUS_2026_GAZETTEER_PLACE_INTPT,,ZIP,72635,72635,5.143,0,,0,AR0039,004,BAXTER COUNTY LIBRARY,MOUNTAIN HOME,72653,12.498,OK,nearest_active_imls_outlet_haversine_from_location_point_prefer_same_state,https://www.baxtercountylibrary.org/,DIRECT_LIBRARY_SYSTEM,direct,Official library/system page retrieved this research packet; not inferred from the name.,LINK_ONLY,generic_fallback,COMPLETE,true,,supplement_not_identity_not_inventory,PUBLIC_USE,2026-09-12,
68,Harrison / Mountain Home,Flippin,AR,0,MATCHED_CENSUS_PLACE,Flippin city,1600000US0524010,36.27732,-92.59353,CENSUS_2026_GAZETTEER_PLACE_INTPT,,ZIP,72634,72634,4.646,0,,0,AR0003,013,MARION COUNTY LIBRARY,YELLVILLE,72687,10.192,OK,nearest_active_imls_outlet_haversine_from_location_point_prefer_same_state,https://library.arkansas.gov/,STATE_LIBRARY_HOME_HANDOFF,indirect,"Arkansas State Library official homepage. Indirect home handoff, not a facility-directory URL.",PUBLIC_USE,generic_fallback,COMPLETE,true,,supplement_not_identity_not_inventory,PUBLIC_USE,2026-09-12,
69,Harrison / Mountain Home,Hardy,AR,0,MATCHED_CENSUS_PLACE,Hardy city,1600000US0529920,36.319645,-91.481503,CENSUS_2026_GAZETTEER_PLACE_INTPT,,ZIP,72542,72542,2.553,0,,1,AR0007,013,SHARP COUNTY LIBRARY,HARDY,72542,0.487,OK,nearest_active_imls_outlet_haversine_from_location_point_prefer_same_state,https://library.arkansas.gov/,STATE_LIBRARY_HOME_HANDOFF,indirect,"Arkansas State Library official homepage. Indirect home handoff, not a facility-directory URL.",PUBLIC_USE,generic_fallback,COMPLETE,true,,supplement_not_identity_not_inventory,PUBLIC_USE,2026-09-12,
70,Harrison / Mountain Home,Harrison,AR,1,MATCHED_CENSUS_PLACE,Harrison city,1600000US0530460,36.242592,-93.11765,CENSUS_2026_GAZETTEER_PLACE_INTPT,,ZIP,72601,72601,2.886,1,AR0050,1,AR0050,001,BOONE COUNTY LIBRARY,HARRISON,72601,1.591,OK,nearest_active_imls_outlet_haversine_from_location_point_prefer_same_state,https://boonecountylibrary.org/,DIRECT_LIBRARY_SYSTEM,direct,Official library/system page retrieved this research packet; not inferred from the name.,LINK_ONLY,specialist_supported,COMPLETE,true,,supplement_not_identity_not_inventory,PUBLIC_USE,2026-09-12,
71,Harrison / Mountain Home,Jasper,AR,0,MATCHED_CENSUS_PLACE,Jasper city,1600000US0534900,36.014475,-93.189929,CENSUS_2026_GAZETTEER_PLACE_INTPT,,ZIP,72641,72641,2.799,1,AR0051,1,AR0051,001,NEWTON COUNTY LIBRARY,JASPER,72641,1.309,OK,nearest_active_imls_outlet_haversine_from_location_point_prefer_same_state,https://library.arkansas.gov/,STATE_LIBRARY_HOME_HANDOFF,indirect,"Arkansas State Library official homepage. Indirect home handoff, not a facility-directory URL.",PUBLIC_USE,generic_fallback,COMPLETE,true,,supplement_not_identity_not_inventory,PUBLIC_USE,2026-09-12,
72,Harrison / Mountain Home,Locust Grove,AR,0,NO_CENSUS_PLACE,,,35.720911,-91.7384746,USGS_GNIS_POPULATED_PLACES,51373,ZIP,72550,72550,4.27,0,,0,AR0082,001,INDEPENDENCE COUNTY LIBRARY,BATESVILLE,72501,9.657,OK,nearest_active_imls_outlet_haversine_from_location_point_prefer_same_state,https://library.arkansas.gov/,STATE_LIBRARY_HOME_HANDOFF,indirect,"Arkansas State Library official homepage. Indirect home handoff, not a facility-directory URL.",PUBLIC_USE,generic_fallback,COMPLETE,true,,supplement_not_identity_not_inventory,PUBLIC_USE,2026-09-12,May lack Census place geography
73,Harrison / Mountain Home,Marshall,AR,0,MATCHED_CENSUS_PLACE,Marshall city,1600000US0544300,35.908461,-92.646498,CENSUS_2026_GAZETTEER_PLACE_INTPT,,ZIP,72650,72650,6.469,1,AR0070,1,AR0070,001,JIM G. FERGUSON SEARCY COUNTY LIBRARY,MARSHALL,72650,1.528,OK,nearest_active_imls_outlet_haversine_from_location_point_prefer_same_state,https://library.arkansas.gov/,STATE_LIBRARY_HOME_HANDOFF,indirect,"Arkansas State Library official homepage. Indirect home handoff, not a facility-directory URL.",PUBLIC_USE,generic_fallback,COMPLETE,true,,supplement_not_identity_not_inventory,PUBLIC_USE,2026-09-12,
74,Harrison / Mountain Home,Mountain Home,AR,1,MATCHED_CENSUS_PLACE,Mountain Home city,1600000US0547390,36.335093,-92.384249,CENSUS_2026_GAZETTEER_PLACE_INTPT,,ZIP,72653,72653,0.817,1,AR0039,1,AR0039,004,BAXTER COUNTY LIBRARY,MOUNTAIN HOME,72653,2.258,OK,nearest_active_imls_outlet_haversine_from_location_point_prefer_same_state,https://www.baxtercountylibrary.org/,DIRECT_LIBRARY_SYSTEM,direct,Official library/system page retrieved this research packet; not inferred from the name.,LINK_ONLY,specialist_supported,COMPLETE,true,,supplement_not_identity_not_inventory,PUBLIC_USE,2026-09-12,Mandatory regression case
75,Harrison / Mountain Home,Mountain View,AR,1,MATCHED_CENSUS_PLACE,Mountain View city,1600000US0547540,35.861559,-92.109657,CENSUS_2026_GAZETTEER_PLACE_INTPT,,ZIP,72560,72560,3.519,1,AR0007,2,AR0007,015,BESSIE BOEHM MOORE STONE COUNTY LIBRARY,MOUNTAIN VIEW,72560,1.354,OK,nearest_active_imls_outlet_haversine_from_location_point_prefer_same_state,https://library.arkansas.gov/,STATE_LIBRARY_HOME_HANDOFF,indirect,"Arkansas State Library official homepage. Indirect home handoff, not a facility-directory URL.",PUBLIC_USE,generic_fallback,COMPLETE,true,,supplement_not_identity_not_inventory,PUBLIC_USE,2026-09-12,
76,Harrison / Mountain Home,Yellville,AR,0,MATCHED_CENSUS_PLACE,Yellville city,1600000US0577330,36.228846,-92.686123,CENSUS_2026_GAZETTEER_PLACE_INTPT,,ZIP,72677,72677,4.163,1,AR0003,1,AR0003,013,MARION COUNTY LIBRARY,YELLVILLE,72687,0.392,OK,nearest_active_imls_outlet_haversine_from_location_point_prefer_same_state,https://library.arkansas.gov/,STATE_LIBRARY_HOME_HANDOFF,indirect,"Arkansas State Library official homepage. Indirect home handoff, not a facility-directory URL.",PUBLIC_USE,generic_fallback,COMPLETE,true,,supplement_not_identity_not_inventory,PUBLIC_USE,2026-09-12,